Dimensão,Título da dimensão,Aspectos (conhecimento explicito e estudo cientifico vinculado),Atributos vinculados,Artigo principal de justificativa,Motivo da justificativa principal,Categoria (nominal ou ordinal),Valor min,Valor max,Média,Desvio padrão,Moda,Frequência,Informações atributos
D1,Hábitos Alimentares,A1 - Recordatório 24h — consumo ontem | Artigos: Nutrition Principles and Recommendations in Diabetes (American Diabetes Association) ; Consumo de alimentos não saudáveis (Claro et al.) + Alimentos ultraprocessados e perfil nutricional (Louzada et al.),"P00601 - Ontem o(a) Sr(a) comeu arroz, macarrão, polenta, cuscuz ou milho verde.",Nutrition Principles and Recommendations in Diabetes (American Diabetes Association),Diretriz clínica que sustenta o impacto de padrões alimentares no controle glicêmico.,Nominal,Não se aplica,Não se aplica,Não se aplica,Não se aplica,1.0,1.0: 18791 (91.62%) ; 2.0: 1718 (8.38%),Categoria: Nominal | Min: Não se aplica | Max: Não se aplica | Média: Não se aplica | Desvio padrão: Não se aplica | Moda: 1.0 | Frequência: 1.0: 18791 (91.62%) ; 2.0: 1718 (8.38%)
D1,Hábitos Alimentares,A1 - Recordatório 24h — consumo ontem | Artigos: Nutrition Principles and Recommendations in Diabetes (American Diabetes Association) ; Consumo de alimentos não saudáveis (Claro et al.) + Alimentos ultraprocessados e perfil nutricional (Louzada et al.),"P00602 - Batata comum, mandioca/aipim/macaxeira, cará ou inhame.",Nutrition Principles and Recommendations in Diabetes (American Diabetes Association),Diretriz clínica que sustenta o impacto de padrões alimentares no controle glicêmico.,Nominal,Não se aplica,Não se aplica,Não se aplica,Não se aplica,2.0,2.0: 11806 (57.56%) ; 1.0: 8703 (42.44%),Categoria: Nominal | Min: Não se aplica | Max: Não se aplica | Média: Não se aplica | Desvio padrão: Não se aplica | Moda: 2.0 | Frequência: 2.0: 11806 (57.56%) ; 1.0: 8703 (42.44%)
D1,Hábitos Alimentares,A1 - Recordatório 24h — consumo ontem | Artigos: Nutrition Principles and Recommendations in Diabetes (American Diabetes Association) ; Consumo de alimentos não saudáveis (Claro et al.) + Alimentos ultraprocessados e perfil nutricional (Louzada et al.),"P00603 - Feijão, ervilha, lentilha ou grão de bico.",Nutrition Principles and Recommendations in Diabetes (American Diabetes Association),Diretriz clínica que sustenta o impacto de padrões alimentares no controle glicêmico.,Nominal,Não se aplica,Não se aplica,Não se aplica,Não se aplica,1.0,1.0: 16484 (80.37%) ; 2.0: 4025 (19.63%),Categoria: Nominal | Min: Não se aplica | Max: Não se aplica | Média: Não se aplica | Desvio padrão: Não se aplica | Moda: 1.0 | Frequência: 1.0: 16484 (80.37%) ; 2.0: 4025 (19.63%)
D1,Hábitos Alimentares,A1 - Recordatório 24h — consumo ontem | Artigos: Nutrition Principles and Recommendations in Diabetes (American Diabetes Association) ; Consumo de alimentos não saudáveis (Claro et al.) + Alimentos ultraprocessados e perfil nutricional (Louzada et al.),"P00604 - Carne de boi, porco, frango, peixe",Nutrition Principles and Recommendations in Diabetes (American Diabetes Association),Diretriz clínica que sustenta o impacto de padrões alimentares no controle glicêmico.,Nominal,Não se aplica,Não se aplica,Não se aplica,Não se aplica,1.0,1.0: 18981 (92.55%) ; 2.0: 1528 (7.45%),Categoria: Nominal | Min: Não se aplica | Max: Não se aplica | Média: Não se aplica | Desvio padrão: Não se aplica | Moda: 1.0 | Frequência: 1.0: 18981 (92.55%) ; 2.0: 1528 (7.45%)
D1,Hábitos Alimentares,A1 - Recordatório 24h — consumo ontem | Artigos: Nutrition Principles and Recommendations in Diabetes (American Diabetes Association) ; Consumo de alimentos não saudáveis (Claro et al.) + Alimentos ultraprocessados e perfil nutricional (Louzada et al.),"P00605 - Ovo (frito, cozido ou mexido ).",Nutrition Principles and Recommendations in Diabetes (American Diabetes Association),Diretriz clínica que sustenta o impacto de padrões alimentares no controle glicêmico.,Nominal,Não se aplica,Não se aplica,Não se aplica,Não se aplica,2.0,2.0: 11734 (57.21%) ; 1.0: 8775 (42.79%),Categoria: Nominal | Min: Não se aplica | Max: Não se aplica | Média: Não se aplica | Desvio padrão: Não se aplica | Moda: 2.0 | Frequência: 2.0: 11734 (57.21%) ; 1.0: 8775 (42.79%)
D1,Hábitos Alimentares,A1 - Recordatório 24h — consumo ontem | Artigos: Nutrition Principles and Recommendations in Diabetes (American Diabetes Association) ; Consumo de alimentos não saudáveis (Claro et al.) + Alimentos ultraprocessados e perfil nutricional (Louzada et al.),"P00607 - Alface, couve, brócolis, agrião ou espinfre.",Nutrition Principles and Recommendations in Diabetes (American Diabetes Association),Diretriz clínica que sustenta o impacto de padrões alimentares no controle glicêmico.,Nominal,Não se aplica,Não se aplica,Não se aplica,Não se aplica,2.0,2.0: 10524 (51.31%) ; 1.0: 9985 (48.69%),Categoria: Nominal | Min: Não se aplica | Max: Não se aplica | Média: Não se aplica | Desvio padrão: Não se aplica | Moda: 2.0 | Frequência: 2.0: 10524 (51.31%) ; 1.0: 9985 (48.69%)
D1,Hábitos Alimentares,A1 - Recordatório 24h — consumo ontem | Artigos: Nutrition Principles and Recommendations in Diabetes (American Diabetes Association) ; Consumo de alimentos não saudáveis (Claro et al.) + Alimentos ultraprocessados e perfil nutricional (Louzada et al.),"P00608 - Abóbora, cenoura, batata doce ou quiabo/caruru.",Nutrition Principles and Recommendations in Diabetes (American Diabetes Association),Diretriz clínica que sustenta o impacto de padrões alimentares no controle glicêmico.,Nominal,Não se aplica,Não se aplica,Não se aplica,Não se aplica,2.0,2.0: 12558 (61.23%) ; 1.0: 7951 (38.77%),Categoria: Nominal | Min: Não se aplica | Max: Não se aplica | Média: Não se aplica | Desvio padrão: Não se aplica | Moda: 2.0 | Frequência: 2.0: 12558 (61.23%) ; 1.0: 7951 (38.77%)
D1,Hábitos Alimentares,A1 - Recordatório 24h — consumo ontem | Artigos: Nutrition Principles and Recommendations in Diabetes (American Diabetes Association) ; Consumo de alimentos não saudáveis (Claro et al.) + Alimentos ultraprocessados e perfil nutricional (Louzada et al.),"P00609 - Tomate, pepino, abobrinha, berinjela, chuchu ou beterraba.",Nutrition Principles and Recommendations in Diabetes (American Diabetes Association),Diretriz clínica que sustenta o impacto de padrões alimentares no controle glicêmico.,Nominal,Não se aplica,Não se aplica,Não se aplica,Não se aplica,1.0,1.0: 12615 (61.51%) ; 2.0: 7894 (38.49%),Categoria: Nominal | Min: Não se aplica | Max: Não se aplica | Média: Não se aplica | Desvio padrão: Não se aplica | Moda: 1.0 | Frequência: 1.0: 12615 (61.51%) ; 2.0: 7894 (38.49%)
D1,Hábitos Alimentares,A1 - Recordatório 24h — consumo ontem | Artigos: Nutrition Principles and Recommendations in Diabetes (American Diabetes Association) ; Consumo de alimentos não saudáveis (Claro et al.) + Alimentos ultraprocessados e perfil nutricional (Louzada et al.),"P00610 - Mamão, manga, melão amarelo ou pequi.",Nutrition Principles and Recommendations in Diabetes (American Diabetes Association),Diretriz clínica que sustenta o impacto de padrões alimentares no controle glicêmico.,Nominal,Não se aplica,Não se aplica,Não se aplica,Não se aplica,2.0,2.0: 13943 (67.98%) ; 1.0: 6566 (32.02%),Categoria: Nominal | Min: Não se aplica | Max: Não se aplica | Média: Não se aplica | Desvio padrão: Não se aplica | Moda: 2.0 | Frequência: 2.0: 13943 (67.98%) ; 1.0: 6566 (32.02%)
D1,Hábitos Alimentares,A1 - Recordatório 24h — consumo ontem | Artigos: Nutrition Principles and Recommendations in Diabetes (American Diabetes Association) ; Consumo de alimentos não saudáveis (Claro et al.) + Alimentos ultraprocessados e perfil nutricional (Louzada et al.),"P00611 - Laranja, banana, maçã, abacaxi.",Nutrition Principles and Recommendations in Diabetes (American Diabetes Association),Diretriz clínica que sustenta o impacto de padrões alimentares no controle glicêmico.,Nominal,Não se aplica,Não se aplica,Não se aplica,Não se aplica,1.0,1.0: 12241 (59.69%) ; 2.0: 8268 (40.31%),Categoria: Nominal | Min: Não se aplica | Max: Não se aplica | Média: Não se aplica | Desvio padrão: Não se aplica | Moda: 1.0 | Frequência: 1.0: 12241 (59.69%) ; 2.0: 8268 (40.31%)
D1,Hábitos Alimentares,A1 - Recordatório 24h — consumo ontem | Artigos: Nutrition Principles and Recommendations in Diabetes (American Diabetes Association) ; Consumo de alimentos não saudáveis (Claro et al.) + Alimentos ultraprocessados e perfil nutricional (Louzada et al.),"P00613 - Amendoim, castanha de caju ou castanha do Brasil/Pará",Nutrition Principles and Recommendations in Diabetes (American Diabetes Association),Diretriz clínica que sustenta o impacto de padrões alimentares no controle glicêmico.,Nominal,Não se aplica,Não se aplica,Não se aplica,Não se aplica,2.0,2.0: 17886 (87.21%) ; 1.0: 2623 (12.79%),Categoria: Nominal | Min: Não se aplica | Max: Não se aplica | Média: Não se aplica | Desvio padrão: Não se aplica | Moda: 2.0 | Frequência: 2.0: 17886 (87.21%) ; 1.0: 2623 (12.79%)
D1,Hábitos Alimentares,A1 - Recordatório 24h — consumo ontem | Artigos: Nutrition Principles and Recommendations in Diabetes (American Diabetes Association) ; Consumo de alimentos não saudáveis (Claro et al.) + Alimentos ultraprocessados e perfil nutricional (Louzada et al.),P00617 - Salgadinho de pacote ou biscoito/bolacha salgado.,Consumo de alimentos não saudáveis (Claro et al.) + Alimentos ultraprocessados e perfil nutricional (Louzada et al.),Evidência brasileira sobre o papel de ultraprocessados e bebidas açucaradas no risco crônico.,Nominal,Não se aplica,Não se aplica,Não se aplica,Não se aplica,2.0,2.0: 15918 (77.61%) ; 1.0: 4591 (22.39%),Categoria: Nominal | Min: Não se aplica | Max: Não se aplica | Média: Não se aplica | Desvio padrão: Não se aplica | Moda: 2.0 | Frequência: 2.0: 15918 (77.61%) ; 1.0: 4591 (22.39%)
D1,Hábitos Alimentares,A1 - Recordatório 24h — consumo ontem | Artigos: Nutrition Principles and Recommendations in Diabetes (American Diabetes Association) ; Consumo de alimentos não saudáveis (Claro et al.) + Alimentos ultraprocessados e perfil nutricional (Louzada et al.),P00618 - Biscoito/bolacha doce ou recheado ou bolo de pacote.,Consumo de alimentos não saudáveis (Claro et al.) + Alimentos ultraprocessados e perfil nutricional (Louzada et al.),Evidência brasileira sobre o papel de ultraprocessados e bebidas açucaradas no risco crônico.,Nominal,Não se aplica,Não se aplica,Não se aplica,Não se aplica,2.0,2.0: 16032 (78.17%) ; 1.0: 4477 (21.83%),Categoria: Nominal | Min: Não se aplica | Max: Não se aplica | Média: Não se aplica | Desvio padrão: Não se aplica | Moda: 2.0 | Frequência: 2.0: 16032 (78.17%) ; 1.0: 4477 (21.83%)
D1,Hábitos Alimentares,A1 - Recordatório 24h — consumo ontem | Artigos: Nutrition Principles and Recommendations in Diabetes (American Diabetes Association) ; Consumo de alimentos não saudáveis (Claro et al.) + Alimentos ultraprocessados e perfil nutricional (Louzada et al.),"P00619 - Sorvete, chocolate, gelatina, flan ou outra sobremesa industrializada.",Consumo de alimentos não saudáveis (Claro et al.) + Alimentos ultraprocessados e perfil nutricional (Louzada et al.),Evidência brasileira sobre o papel de ultraprocessados e bebidas açucaradas no risco crônico.,Nominal,Não se aplica,Não se aplica,Não se aplica,Não se aplica,2.0,2.0: 16946 (82.63%) ; 1.0: 3563 (17.37%),Categoria: Nominal | Min: Não se aplica | Max: Não se aplica | Média: Não se aplica | Desvio padrão: Não se aplica | Moda: 2.0 | Frequência: 2.0: 16946 (82.63%) ; 1.0: 3563 (17.37%)
D1,Hábitos Alimentares,A1 - Recordatório 24h — consumo ontem | Artigos: Nutrition Principles and Recommendations in Diabetes (American Diabetes Association) ; Consumo de alimentos não saudáveis (Claro et al.) + Alimentos ultraprocessados e perfil nutricional (Louzada et al.),"P00620 - Salsicha, linguiça, mortadela ou presunto.",Consumo de alimentos não saudáveis (Claro et al.) + Alimentos ultraprocessados e perfil nutricional (Louzada et al.),Evidência brasileira sobre o papel de ultraprocessados e bebidas açucaradas no risco crônico.,Nominal,Não se aplica,Não se aplica,Não se aplica,Não se aplica,2.0,2.0: 15173 (73.98%) ; 1.0: 5336 (26.02%),Categoria: Nominal | Min: Não se aplica | Max: Não se aplica | Média: Não se aplica | Desvio padrão: Não se aplica | Moda: 2.0 | Frequência: 2.0: 15173 (73.98%) ; 1.0: 5336 (26.02%)
D1,Hábitos Alimentares,A1 - Recordatório 24h — consumo ontem | Artigos: Nutrition Principles and Recommendations in Diabetes (American Diabetes Association) ; Consumo de alimentos não saudáveis (Claro et al.) + Alimentos ultraprocessados e perfil nutricional (Louzada et al.),"P00621 - Pão de forma, de cachorro-quente ou de hambúrguer.",Consumo de alimentos não saudáveis (Claro et al.) + Alimentos ultraprocessados e perfil nutricional (Louzada et al.),Evidência brasileira sobre o papel de ultraprocessados e bebidas açucaradas no risco crônico.,Nominal,Não se aplica,Não se aplica,Não se aplica,Não se aplica,2.0,2.0: 14242 (69.44%) ; 1.0: 6267 (30.56%),Categoria: Nominal | Min: Não se aplica | Max: Não se aplica | Média: Não se aplica | Desvio padrão: Não se aplica | Moda: 2.0 | Frequência: 2.0: 14242 (69.44%) ; 1.0: 6267 (30.56%)
D1,Hábitos Alimentares,A1 - Recordatório 24h — consumo ontem | Artigos: Nutrition Principles and Recommendations in Diabetes (American Diabetes Association) ; Consumo de alimentos não saudáveis (Claro et al.) + Alimentos ultraprocessados e perfil nutricional (Louzada et al.),"P00622 - Margarina, maionese, ketchup ou outros molhos industrializados.",Consumo de alimentos não saudáveis (Claro et al.) + Alimentos ultraprocessados e perfil nutricional (Louzada et al.),Evidência brasileira sobre o papel de ultraprocessados e bebidas açucaradas no risco crônico.,Nominal,Não se aplica,Não se aplica,Não se aplica,Não se aplica,2.0,2.0: 11192 (54.57%) ; 1.0: 9317 (45.43%),Categoria: Nominal | Min: Não se aplica | Max: Não se aplica | Média: Não se aplica | Desvio padrão: Não se aplica | Moda: 2.0 | Frequência: 2.0: 11192 (54.57%) ; 1.0: 9317 (45.43%)
D1,Hábitos Alimentares,A1 - Recordatório 24h — consumo ontem | Artigos: Nutrition Principles and Recommendations in Diabetes (American Diabetes Association) ; Consumo de alimentos não saudáveis (Claro et al.) + Alimentos ultraprocessados e perfil nutricional (Louzada et al.),"P00623 - Macarrão instantâneo, sopa de pacote, lasanha congelada ou outro prato congelado comprado pronto industrilizado.",Consumo de alimentos não saudáveis (Claro et al.) + Alimentos ultraprocessados e perfil nutricional (Louzada et al.),Evidência brasileira sobre o papel de ultraprocessados e bebidas açucaradas no risco crônico.,Nominal,Não se aplica,Não se aplica,Não se aplica,Não se aplica,2.0,2.0: 19309 (94.15%) ; 1.0: 1200 (5.85%),Categoria: Nominal | Min: Não se aplica | Max: Não se aplica | Média: Não se aplica | Desvio padrão: Não se aplica | Moda: 2.0 | Frequência: 2.0: 19309 (94.15%) ; 1.0: 1200 (5.85%)
D1,Hábitos Alimentares,A2 - Frequência semanal de grupos alimentares | Artigos: Nutrition Principles and Recommendations in Diabetes (American Diabetes Association) ; Consumo de alimentos não saudáveis (Claro et al.) + Alimentos ultraprocessados e perfil nutricional (Louzada et al.),P006 - Em quantos dias da semana o(a) Sr(a) costuma comer feijão?,Nutrition Principles and Recommendations in Diabetes (American Diabetes Association),Diretriz clínica que sustenta o impacto de padrões alimentares no controle glicêmico.,Ordinal,0,7,5.1707,2.2425,7.0,7.0: 10500 (51.20%) ; 3.0: 2270 (11.07%) ; 5.0: 1913 (9.33%) ; 2.0: 1714 (8.36%) ; 4.0: 1215 (5.92%) ; 6.0: 1151 (5.61%) ; 1.0: 977 (4.76%) ; 0.0: 769 (3.75%),Categoria: Ordinal | Min: 0 | Max: 7 | Média: 5.1707 | Desvio padrão: 2.2425 | Moda: 7.0 | Frequência: 7.0: 10500 (51.20%) ; 3.0: 2270 (11.07%) ; 5.0: 1913 (9.33%) ; 2.0: 1714 (8.36%) ; 4.0: 1215 (5.92%) ; 6.0: 1151 (5.61%) ; 1.0: 977 (4.76%) ; 0.0: 769 (3.75%)
D1,Hábitos Alimentares,A2 - Frequência semanal de grupos alimentares | Artigos: Nutrition Principles and Recommendations in Diabetes (American Diabetes Association) ; Consumo de alimentos não saudáveis (Claro et al.) + Alimentos ultraprocessados e perfil nutricional (Louzada et al.),"P00901 - Em quantos dias da semana, o(a) Sr(a) costuma comer pelo menos um tipo de verdura ou legume (sem contar batata, mandioca, cará ou inhame) como alface, tomate, couve, cenoura, chuchu, berinjela, abobrinha?",Nutrition Principles and Recommendations in Diabetes (American Diabetes Association),Diretriz clínica que sustenta o impacto de padrões alimentares no controle glicêmico.,Ordinal,0,7,4.5432,2.3628,7.0,7.0: 7883 (38.44%) ; 3.0: 3033 (14.79%) ; 2.0: 2492 (12.15%) ; 5.0: 2095 (10.22%) ; 4.0: 1606 (7.83%) ; 0.0: 1252 (6.10%) ; 1.0: 1175 (5.73%) ; 6.0: 973 (4.74%),Categoria: Ordinal | Min: 0 | Max: 7 | Média: 4.5432 | Desvio padrão: 2.3628 | Moda: 7.0 | Frequência: 7.0: 7883 (38.44%) ; 3.0: 3033 (14.79%) ; 2.0: 2492 (12.15%) ; 5.0: 2095 (10.22%) ; 4.0: 1606 (7.83%) ; 0.0: 1252 (6.10%) ; 1.0: 1175 (5.73%) ; 6.0: 973 (4.74%)
D1,Hábitos Alimentares,A2 - Frequência semanal de grupos alimentares | Artigos: Nutrition Principles and Recommendations in Diabetes (American Diabetes Association) ; Consumo de alimentos não saudáveis (Claro et al.) + Alimentos ultraprocessados e perfil nutricional (Louzada et al.),"P01001 - Em geral, o(a) Sr(a) costuma comer esse tipo de verdura ou legume:",Nutrition Principles and Recommendations in Diabetes (American Diabetes Association),Diretriz clínica que sustenta o impacto de padrões alimentares no controle glicêmico.,Nominal,Não se aplica,Não se aplica,Não se aplica,Não se aplica,1.0,1.0: 6928 (63.26%) ; 2.0: 3838 (35.05%) ; 3.0: 185 (1.69%),Categoria: Nominal | Min: Não se aplica | Max: Não se aplica | Média: Não se aplica | Desvio padrão: Não se aplica | Moda: 1.0 | Frequência: 1.0: 6928 (63.26%) ; 2.0: 3838 (35.05%) ; 3.0: 185 (1.69%)
D1,Hábitos Alimentares,A2 - Frequência semanal de grupos alimentares | Artigos: Nutrition Principles and Recommendations in Diabetes (American Diabetes Association) ; Consumo de alimentos não saudáveis (Claro et al.) + Alimentos ultraprocessados e perfil nutricional (Louzada et al.),"P01101 - Em quantos dias da semana o(a) Sr(a) costuma comer carne vermelha (boi, porco, cabrito, bode, ovelha etc.)?",Nutrition Principles and Recommendations in Diabetes (American Diabetes Association),Diretriz clínica que sustenta o impacto de padrões alimentares no controle glicêmico.,Ordinal,0,7,3.4668,1.9826,3.0,3.0: 5051 (24.63%) ; 2.0: 3989 (19.45%) ; 7.0: 2850 (13.90%) ; 4.0: 2780 (13.56%) ; 5.0: 2129 (10.38%) ; 1.0: 1839 (8.97%) ; 0.0: 1135 (5.53%) ; 6.0: 736 (3.59%),Categoria: Ordinal | Min: 0 | Max: 7 | Média: 3.4668 | Desvio padrão: 1.9826 | Moda: 3.0 | Frequência: 3.0: 5051 (24.63%) ; 2.0: 3989 (19.45%) ; 7.0: 2850 (13.90%) ; 4.0: 2780 (13.56%) ; 5.0: 2129 (10.38%) ; 1.0: 1839 (8.97%) ; 0.0: 1135 (5.53%) ; 6.0: 736 (3.59%)
D1,Hábitos Alimentares,A2 - Frequência semanal de grupos alimentares | Artigos: Nutrition Principles and Recommendations in Diabetes (American Diabetes Association) ; Consumo de alimentos não saudáveis (Claro et al.) + Alimentos ultraprocessados e perfil nutricional (Louzada et al.),P013 - Em quantos dias da semana o(a) Sr(a) costuma comer frango/galinha?,Nutrition Principles and Recommendations in Diabetes (American Diabetes Association),Diretriz clínica que sustenta o impacto de padrões alimentares no controle glicêmico.,Ordinal,0,7,2.8841,1.6757,2.0,2.0: 5724 (27.91%) ; 3.0: 5478 (26.71%) ; 1.0: 2419 (11.79%) ; 4.0: 2405 (11.73%) ; 5.0: 1622 (7.91%) ; 0.0: 1194 (5.82%) ; 7.0: 1117 (5.45%) ; 6.0: 550 (2.68%),Categoria: Ordinal | Min: 0 | Max: 7 | Média: 2.8841 | Desvio padrão: 1.6757 | Moda: 2.0 | Frequência: 2.0: 5724 (27.91%) ; 3.0: 5478 (26.71%) ; 1.0: 2419 (11.79%) ; 4.0: 2405 (11.73%) ; 5.0: 1622 (7.91%) ; 0.0: 1194 (5.82%) ; 7.0: 1117 (5.45%) ; 6.0: 550 (2.68%)
D1,Hábitos Alimentares,A2 - Frequência semanal de grupos alimentares | Artigos: Nutrition Principles and Recommendations in Diabetes (American Diabetes Association) ; Consumo de alimentos não saudáveis (Claro et al.) + Alimentos ultraprocessados e perfil nutricional (Louzada et al.),P015 - Em quantos dias da semana o(a) Sr(a) costuma comer peixe?,Nutrition Principles and Recommendations in Diabetes (American Diabetes Association),Diretriz clínica que sustenta o impacto de padrões alimentares no controle glicêmico.,Ordinal,0,7,1.1184,1.4320,0.0,0.0: 8761 (42.72%) ; 1.0: 6151 (29.99%) ; 2.0: 2921 (14.24%) ; 3.0: 1360 (6.63%) ; 4.0: 484 (2.36%) ; 5.0: 377 (1.84%) ; 7.0: 314 (1.53%) ; 6.0: 141 (0.69%),Categoria: Ordinal | Min: 0 | Max: 7 | Média: 1.1184 | Desvio padrão: 1.4320 | Moda: 0.0 | Frequência: 0.0: 8761 (42.72%) ; 1.0: 6151 (29.99%) ; 2.0: 2921 (14.24%) ; 3.0: 1360 (6.63%) ; 4.0: 484 (2.36%) ; 5.0: 377 (1.84%) ; 7.0: 314 (1.53%) ; 6.0: 141 (0.69%)
D1,Hábitos Alimentares,A2 - Frequência semanal de grupos alimentares | Artigos: Nutrition Principles and Recommendations in Diabetes (American Diabetes Association) ; Consumo de alimentos não saudáveis (Claro et al.) + Alimentos ultraprocessados e perfil nutricional (Louzada et al.),P018 - Em quantos dias da semana o(a) Sr(a) costuma comer frutas?,Nutrition Principles and Recommendations in Diabetes (American Diabetes Association),Diretriz clínica que sustenta o impacto de padrões alimentares no controle glicêmico.,Ordinal,0,7,3.9578,2.4297,7.0,7.0: 5970 (29.11%) ; 3.0: 3359 (16.38%) ; 2.0: 3074 (14.99%) ; 0.0: 2091 (10.20%) ; 5.0: 2018 (9.84%) ; 4.0: 1776 (8.66%) ; 1.0: 1473 (7.18%) ; 6.0: 748 (3.65%),Categoria: Ordinal | Min: 0 | Max: 7 | Média: 3.9578 | Desvio padrão: 2.4297 | Moda: 7.0 | Frequência: 7.0: 5970 (29.11%) ; 3.0: 3359 (16.38%) ; 2.0: 3074 (14.99%) ; 0.0: 2091 (10.20%) ; 5.0: 2018 (9.84%) ; 4.0: 1776 (8.66%) ; 1.0: 1473 (7.18%) ; 6.0: 748 (3.65%)
D1,Hábitos Alimentares,A2 - Frequência semanal de grupos alimentares | Artigos: Nutrition Principles and Recommendations in Diabetes (American Diabetes Association) ; Consumo de alimentos não saudáveis (Claro et al.) + Alimentos ultraprocessados e perfil nutricional (Louzada et al.),"P019 - Em geral, quantas vezes por dia o(a) Sr(a) come frutas?",Nutrition Principles and Recommendations in Diabetes (American Diabetes Association),Diretriz clínica que sustenta o impacto de padrões alimentares no controle glicêmico.,Ordinal,1,3,1.5575,0.6724,1.0,1.0: 4763 (54.52%) ; 2.0: 3076 (35.21%) ; 3.0: 897 (10.27%),Categoria: Ordinal | Min: 1 | Max: 3 | Média: 1.5575 | Desvio padrão: 0.6724 | Moda: 1.0 | Frequência: 1.0: 4763 (54.52%) ; 2.0: 3076 (35.21%) ; 3.0: 897 (10.27%)
D1,Hábitos Alimentares,A2 - Frequência semanal de grupos alimentares | Artigos: Nutrition Principles and Recommendations in Diabetes (American Diabetes Association) ; Consumo de alimentos não saudáveis (Claro et al.) + Alimentos ultraprocessados e perfil nutricional (Louzada et al.),"P02501 - Em quantos dias da semana o(a) Sr(a) costuma comer alimentos doces como biscoito/bolacha recheado, chocolate, gelatina, balas e outros?",Nutrition Principles and Recommendations in Diabetes (American Diabetes Association),Diretriz clínica que sustenta o impacto de padrões alimentares no controle glicêmico.,Ordinal,0,7,1.5699,2.0125,0.0,0.0: 9291 (45.30%) ; 2.0: 3200 (15.60%) ; 1.0: 3059 (14.92%) ; 3.0: 2055 (10.02%) ; 7.0: 1287 (6.28%) ; 4.0: 746 (3.64%) ; 5.0: 646 (3.15%) ; 6.0: 225 (1.10%),Categoria: Ordinal | Min: 0 | Max: 7 | Média: 1.5699 | Desvio padrão: 2.0125 | Moda: 0.0 | Frequência: 0.0: 9291 (45.30%) ; 2.0: 3200 (15.60%) ; 1.0: 3059 (14.92%) ; 3.0: 2055 (10.02%) ; 7.0: 1287 (6.28%) ; 4.0: 746 (3.64%) ; 5.0: 646 (3.15%) ; 6.0: 225 (1.10%)
D1,Hábitos Alimentares,A2 - Frequência semanal de grupos alimentares | Artigos: Nutrition Principles and Recommendations in Diabetes (American Diabetes Association) ; Consumo de alimentos não saudáveis (Claro et al.) + Alimentos ultraprocessados e perfil nutricional (Louzada et al.),"P02602 - Em quantos dias da semana o(a) Sr(a) costuma substituir a refeição do almoço por lanches rápidos como sanduíches, salgados, pizza, cachorro quente, etc?",Nutrition Principles and Recommendations in Diabetes (American Diabetes Association),Diretriz clínica que sustenta o impacto de padrões alimentares no controle glicêmico.,Ordinal,0,7,0.4102,1.0313,0.0,0.0: 16446 (80.19%) ; 1.0: 1757 (8.57%) ; 2.0: 1291 (6.29%) ; 3.0: 567 (2.76%) ; 4.0: 161 (0.79%) ; 7.0: 128 (0.62%) ; 5.0: 121 (0.59%) ; 6.0: 38 (0.19%),Categoria: Ordinal | Min: 0 | Max: 7 | Média: 0.4102 | Desvio padrão: 1.0313 | Moda: 0.0 | Frequência: 0.0: 16446 (80.19%) ; 1.0: 1757 (8.57%) ; 2.0: 1291 (6.29%) ; 3.0: 567 (2.76%) ; 4.0: 161 (0.79%) ; 7.0: 128 (0.62%) ; 5.0: 121 (0.59%) ; 6.0: 38 (0.19%)
D1,Hábitos Alimentares,A3 - Percepção da qualidade da dieta | Artigos: Nutrition Principles and Recommendations in Diabetes (American Diabetes Association),"P02601 - Considerando a comida preparada na hora e os alimentos industrializados, o(a) Sr(a) acha que o seu consumo de sal é:",Nutrition Principles and Recommendations in Diabetes (American Diabetes Association),Diretriz clínica que sustenta o impacto de padrões alimentares no controle glicêmico.,Ordinal,1,5,3.1404,0.6548,3.0,3.0: 13609 (66.36%) ; 4.0: 4291 (20.92%) ; 2.0: 1843 (8.99%) ; 5.0: 491 (2.39%) ; 1.0: 275 (1.34%),Categoria: Ordinal | Min: 1 | Max: 5 | Média: 3.1404 | Desvio padrão: 0.6548 | Moda: 3.0 | Frequência: 3.0: 13609 (66.36%) ; 4.0: 4291 (20.92%) ; 2.0: 1843 (8.99%) ; 5.0: 491 (2.39%) ; 1.0: 275 (1.34%)
D2,Ingestão de Bebidas e Álcool,B1 - Bebidas açucaradas e leite | Artigos: Consumo de alimentos não saudáveis (Claro et al.) + Alimentos ultraprocessados e perfil nutricional (Louzada et al.) ; Nutrition Principles and Recommendations in Diabetes (American Diabetes Association),P01601 - Em quantos dias da semana o(a) Sr(a) costuma tomar suco de fruta natural (incluída a polpa de fruta congelada)?,Consumo de alimentos não saudáveis (Claro et al.) + Alimentos ultraprocessados e perfil nutricional (Louzada et al.),Evidência brasileira sobre o papel de ultraprocessados e bebidas açucaradas no risco crônico.,Ordinal,0,7,2.7619,2.3903,0.0,0.0: 5124 (24.98%) ; 2.0: 3545 (17.29%) ; 3.0: 3036 (14.80%) ; 7.0: 2893 (14.11%) ; 1.0: 2126 (10.37%) ; 5.0: 1623 (7.91%) ; 4.0: 1509 (7.36%) ; 6.0: 653 (3.18%),Categoria: Ordinal | Min: 0 | Max: 7 | Média: 2.7619 | Desvio padrão: 2.3903 | Moda: 0.0 | Frequência: 0.0: 5124 (24.98%) ; 2.0: 3545 (17.29%) ; 3.0: 3036 (14.80%) ; 7.0: 2893 (14.11%) ; 1.0: 2126 (10.37%) ; 5.0: 1623 (7.91%) ; 4.0: 1509 (7.36%) ; 6.0: 653 (3.18%)
D2,Ingestão de Bebidas e Álcool,B1 - Bebidas açucaradas e leite | Artigos: Consumo de alimentos não saudáveis (Claro et al.) + Alimentos ultraprocessados e perfil nutricional (Louzada et al.) ; Nutrition Principles and Recommendations in Diabetes (American Diabetes Association),P00612 - Leite,Consumo de alimentos não saudáveis (Claro et al.) + Alimentos ultraprocessados e perfil nutricional (Louzada et al.),Evidência brasileira sobre o papel de ultraprocessados e bebidas açucaradas no risco crônico.,Nominal,Não se aplica,Não se aplica,Não se aplica,Não se aplica,1.0,1.0: 11390 (55.54%) ; 2.0: 9119 (44.46%),Categoria: Nominal | Min: Não se aplica | Max: Não se aplica | Média: Não se aplica | Desvio padrão: Não se aplica | Moda: 1.0 | Frequência: 1.0: 11390 (55.54%) ; 2.0: 9119 (44.46%)
D2,Ingestão de Bebidas e Álcool,B1 - Bebidas açucaradas e leite | Artigos: Consumo de alimentos não saudáveis (Claro et al.) + Alimentos ultraprocessados e perfil nutricional (Louzada et al.) ; Nutrition Principles and Recommendations in Diabetes (American Diabetes Association),P02002 - Em quantos dias da semana o(a) Sr(a) costuma tomar refrigerante?,Consumo de alimentos não saudáveis (Claro et al.) + Alimentos ultraprocessados e perfil nutricional (Louzada et al.),Evidência brasileira sobre o papel de ultraprocessados e bebidas açucaradas no risco crônico.,Ordinal,0,7,1.2346,1.7788,0.0,0.0: 10287 (50.16%) ; 1.0: 3970 (19.36%) ; 2.0: 2872 (14.00%) ; 3.0: 1292 (6.30%) ; 7.0: 799 (3.90%) ; 4.0: 537 (2.62%) ; 5.0: 523 (2.55%) ; 6.0: 229 (1.12%),Categoria: Ordinal | Min: 0 | Max: 7 | Média: 1.2346 | Desvio padrão: 1.7788 | Moda: 0.0 | Frequência: 0.0: 10287 (50.16%) ; 1.0: 3970 (19.36%) ; 2.0: 2872 (14.00%) ; 3.0: 1292 (6.30%) ; 7.0: 799 (3.90%) ; 4.0: 537 (2.62%) ; 5.0: 523 (2.55%) ; 6.0: 229 (1.12%)
D2,Ingestão de Bebidas e Álcool,B1 - Bebidas açucaradas e leite | Artigos: Consumo de alimentos não saudáveis (Claro et al.) + Alimentos ultraprocessados e perfil nutricional (Louzada et al.) ; Nutrition Principles and Recommendations in Diabetes (American Diabetes Association),P02102 - Que tipo de refrigerante o(a) Sr(a) costuma tomar?,Consumo de alimentos não saudáveis (Claro et al.) + Alimentos ultraprocessados e perfil nutricional (Louzada et al.),Evidência brasileira sobre o papel de ultraprocessados e bebidas açucaradas no risco crônico.,Nominal,Não se aplica,Não se aplica,Não se aplica,Não se aplica,2.0,2.0: 9636 (94.27%) ; 1.0: 330 (3.23%) ; 3.0: 256 (2.50%),Categoria: Nominal | Min: Não se aplica | Max: Não se aplica | Média: Não se aplica | Desvio padrão: Não se aplica | Moda: 2.0 | Frequência: 2.0: 9636 (94.27%) ; 1.0: 330 (3.23%) ; 3.0: 256 (2.50%)
D2,Ingestão de Bebidas e Álcool,B1 - Bebidas açucaradas e leite | Artigos: Consumo de alimentos não saudáveis (Claro et al.) + Alimentos ultraprocessados e perfil nutricional (Louzada et al.) ; Nutrition Principles and Recommendations in Diabetes (American Diabetes Association),P00614 - ONTEM o(a) Sr(a) tomou ou comeu:Refrigerante,Consumo de alimentos não saudáveis (Claro et al.) + Alimentos ultraprocessados e perfil nutricional (Louzada et al.),Evidência brasileira sobre o papel de ultraprocessados e bebidas açucaradas no risco crônico.,Nominal,Não se aplica,Não se aplica,Não se aplica,Não se aplica,2.0,2.0: 13900 (67.78%) ; 1.0: 6609 (32.22%),Categoria: Nominal | Min: Não se aplica | Max: Não se aplica | Média: Não se aplica | Desvio padrão: Não se aplica | Moda: 2.0 | Frequência: 2.0: 13900 (67.78%) ; 1.0: 6609 (32.22%)
D2,Ingestão de Bebidas e Álcool,B1 - Bebidas açucaradas e leite | Artigos: Consumo de alimentos não saudáveis (Claro et al.) + Alimentos ultraprocessados e perfil nutricional (Louzada et al.) ; Nutrition Principles and Recommendations in Diabetes (American Diabetes Association),P00615 - Suco de fruta em caixinha ou lata ou refresco em pó.,Consumo de alimentos não saudáveis (Claro et al.) + Alimentos ultraprocessados e perfil nutricional (Louzada et al.),Evidência brasileira sobre o papel de ultraprocessados e bebidas açucaradas no risco crônico.,Nominal,Não se aplica,Não se aplica,Não se aplica,Não se aplica,2.0,2.0: 16007 (78.05%) ; 1.0: 4502 (21.95%),Categoria: Nominal | Min: Não se aplica | Max: Não se aplica | Média: Não se aplica | Desvio padrão: Não se aplica | Moda: 2.0 | Frequência: 2.0: 16007 (78.05%) ; 1.0: 4502 (21.95%)
D2,Ingestão de Bebidas e Álcool,B1 - Bebidas açucaradas e leite | Artigos: Consumo de alimentos não saudáveis (Claro et al.) + Alimentos ultraprocessados e perfil nutricional (Louzada et al.) ; Nutrition Principles and Recommendations in Diabetes (American Diabetes Association),P00616 - Bebida achocolatada ou iogurte com sabor.,Consumo de alimentos não saudáveis (Claro et al.) + Alimentos ultraprocessados e perfil nutricional (Louzada et al.),Evidência brasileira sobre o papel de ultraprocessados e bebidas açucaradas no risco crônico.,Nominal,Não se aplica,Não se aplica,Não se aplica,Não se aplica,2.0,2.0: 17824 (86.91%) ; 1.0: 2685 (13.09%),Categoria: Nominal | Min: Não se aplica | Max: Não se aplica | Média: Não se aplica | Desvio padrão: Não se aplica | Moda: 2.0 | Frequência: 2.0: 17824 (86.91%) ; 1.0: 2685 (13.09%)
D2,Ingestão de Bebidas e Álcool,B1 - Bebidas açucaradas e leite | Artigos: Consumo de alimentos não saudáveis (Claro et al.) + Alimentos ultraprocessados e perfil nutricional (Louzada et al.) ; Nutrition Principles and Recommendations in Diabetes (American Diabetes Association),"P023 - Em quantos dias da semana o(a) Sr(a) costuma tomar leite? (de origem animal: vaca, cabra, búfala etc.)",Consumo de alimentos não saudáveis (Claro et al.) + Alimentos ultraprocessados e perfil nutricional (Louzada et al.),Evidência brasileira sobre o papel de ultraprocessados e bebidas açucaradas no risco crônico.,Ordinal,0,7,3.5359,2.9832,7.0,7.0: 7240 (35.30%) ; 0.0: 6210 (30.28%) ; 2.0: 1784 (8.70%) ; 3.0: 1604 (7.82%) ; 1.0: 1150 (5.61%) ; 5.0: 1136 (5.54%) ; 4.0: 841 (4.10%) ; 6.0: 544 (2.65%),Categoria: Ordinal | Min: 0 | Max: 7 | Média: 3.5359 | Desvio padrão: 2.9832 | Moda: 7.0 | Frequência: 7.0: 7240 (35.30%) ; 0.0: 6210 (30.28%) ; 2.0: 1784 (8.70%) ; 3.0: 1604 (7.82%) ; 1.0: 1150 (5.61%) ; 5.0: 1136 (5.54%) ; 4.0: 841 (4.10%) ; 6.0: 544 (2.65%)
D2,Ingestão de Bebidas e Álcool,B1 - Bebidas açucaradas e leite | Artigos: Consumo de alimentos não saudáveis (Claro et al.) + Alimentos ultraprocessados e perfil nutricional (Louzada et al.) ; Nutrition Principles and Recommendations in Diabetes (American Diabetes Association),P02401 - Que tipo de leite o(a) Sr(a) costuma tomar?,Consumo de alimentos não saudáveis (Claro et al.) + Alimentos ultraprocessados e perfil nutricional (Louzada et al.),Evidência brasileira sobre o papel de ultraprocessados e bebidas açucaradas no risco crônico.,Nominal,Não se aplica,Não se aplica,Não se aplica,Não se aplica,2.0,2.0: 12129 (84.82%) ; 1.0: 1499 (10.48%) ; 3.0: 671 (4.69%),Categoria: Nominal | Min: Não se aplica | Max: Não se aplica | Média: Não se aplica | Desvio padrão: Não se aplica | Moda: 2.0 | Frequência: 2.0: 12129 (84.82%) ; 1.0: 1499 (10.48%) ; 3.0: 671 (4.69%)
D2,Ingestão de Bebidas e Álcool,B1 - Bebidas açucaradas e leite | Artigos: Consumo de alimentos não saudáveis (Claro et al.) + Alimentos ultraprocessados e perfil nutricional (Louzada et al.) ; Nutrition Principles and Recommendations in Diabetes (American Diabetes Association),P02001 - Em quantos dias da semana o(a) Sr(a) costuma tomar suco de caixinha/lata ou refresco em pó ?,Consumo de alimentos não saudáveis (Claro et al.) + Alimentos ultraprocessados e perfil nutricional (Louzada et al.),Evidência brasileira sobre o papel de ultraprocessados e bebidas açucaradas no risco crônico.,Ordinal,0,7,1.1654,2.0266,0.0,0.0: 13467 (65.66%) ; 2.0: 1786 (8.71%) ; 1.0: 1407 (6.86%) ; 3.0: 1226 (5.98%) ; 7.0: 1214 (5.92%) ; 5.0: 634 (3.09%) ; 4.0: 537 (2.62%) ; 6.0: 238 (1.16%),Categoria: Ordinal | Min: 0 | Max: 7 | Média: 1.1654 | Desvio padrão: 2.0266 | Moda: 0.0 | Frequência: 0.0: 13467 (65.66%) ; 2.0: 1786 (8.71%) ; 1.0: 1407 (6.86%) ; 3.0: 1226 (5.98%) ; 7.0: 1214 (5.92%) ; 5.0: 634 (3.09%) ; 4.0: 537 (2.62%) ; 6.0: 238 (1.16%)
D2,Ingestão de Bebidas e Álcool,B1 - Bebidas açucaradas e leite | Artigos: Consumo de alimentos não saudáveis (Claro et al.) + Alimentos ultraprocessados e perfil nutricional (Louzada et al.) ; Nutrition Principles and Recommendations in Diabetes (American Diabetes Association),P02101 - Que tipo de suco de caixinha/lata ou refresco em pó o(a) Sr(a) costuma tomar? (Ler as opções de resposta),Consumo de alimentos não saudáveis (Claro et al.) + Alimentos ultraprocessados e perfil nutricional (Louzada et al.),Evidência brasileira sobre o papel de ultraprocessados e bebidas açucaradas no risco crônico.,Nominal,Não se aplica,Não se aplica,Não se aplica,Não se aplica,2.0,2.0: 6783 (96.32%) ; 3.0: 149 (2.12%) ; 1.0: 110 (1.56%),Categoria: Nominal | Min: Não se aplica | Max: Não se aplica | Média: Não se aplica | Desvio padrão: Não se aplica | Moda: 2.0 | Frequência: 2.0: 6783 (96.32%) ; 3.0: 149 (2.12%) ; 1.0: 110 (1.56%)
D2,Ingestão de Bebidas e Álcool,B2 - Consumo de álcool | Artigos: Machine Learning and Data Mining Methods in Diabetes Research (Kavakiotis et al.),P027 - Com que frequência o(a) Sr(a) costuma consumir alguma bebida alcoólica?,Machine Learning and Data Mining Methods in Diabetes Research (Kavakiotis et al.),Revisão em TI/ML que destaca variáveis clínicas e comportamentais relevantes para predição em diabetes.,Ordinal,1,3,1.7771,0.9037,1.0,1.0: 11169 (54.46%) ; 3.0: 6597 (32.17%) ; 2.0: 2743 (13.37%),Categoria: Ordinal | Min: 1 | Max: 3 | Média: 1.7771 | Desvio padrão: 0.9037 | Moda: 1.0 | Frequência: 1.0: 11169 (54.46%) ; 3.0: 6597 (32.17%) ; 2.0: 2743 (13.37%)
D2,Ingestão de Bebidas e Álcool,B2 - Consumo de álcool | Artigos: Machine Learning and Data Mining Methods in Diabetes Research (Kavakiotis et al.),P02801 - Quantos dias por semana o(a) Sr(a) costuma consumir alguma bebida alcoólica?,Machine Learning and Data Mining Methods in Diabetes Research (Kavakiotis et al.),Revisão em TI/ML que destaca variáveis clínicas e comportamentais relevantes para predição em diabetes.,Ordinal,0,7,1.7755,1.5299,1.0,1.0: 2785 (42.22%) ; 2.0: 1840 (27.89%) ; 0.0: 771 (11.69%) ; 3.0: 575 (8.72%) ; 7.0: 275 (4.17%) ; 4.0: 196 (2.97%) ; 5.0: 116 (1.76%) ; 6.0: 39 (0.59%),Categoria: Ordinal | Min: 0 | Max: 7 | Média: 1.7755 | Desvio padrão: 1.5299 | Moda: 1.0 | Frequência: 1.0: 2785 (42.22%) ; 2.0: 1840 (27.89%) ; 0.0: 771 (11.69%) ; 3.0: 575 (8.72%) ; 7.0: 275 (4.17%) ; 4.0: 196 (2.97%) ; 5.0: 116 (1.76%) ; 6.0: 39 (0.59%)
D2,Ingestão de Bebidas e Álcool,B2 - Consumo de álcool | Artigos: Machine Learning and Data Mining Methods in Diabetes Research (Kavakiotis et al.),"P029 - Em geral, no dia que o(a) Sr(a) bebe, quantas doses de bebida alcoólica o(a) Sr(a) consome?",Machine Learning and Data Mining Methods in Diabetes Research (Kavakiotis et al.),Revisão em TI/ML que destaca variáveis clínicas e comportamentais relevantes para predição em diabetes.,Ordinal,1,60,4.9276,4.5015,2.0,2.0: 1695 (18.15%) ; 3.0: 1511 (16.18%) ; 1.0: 1327 (14.21%) ; 5.0: 1106 (11.84%) ; 4.0: 1067 (11.42%) ; 6.0: 718 (7.69%) ; 10.0: 678 (7.26%) ; 12.0: 382 (4.09%) ; 8.0: 312 (3.34%) ; 7.0: 143 (1.53%) ; ... +25 categorias,Categoria: Ordinal | Min: 1 | Max: 60 | Média: 4.9276 | Desvio padrão: 4.5015 | Moda: 2.0 | Frequência: 2.0: 1695 (18.15%) ; 3.0: 1511 (16.18%) ; 1.0: 1327 (14.21%) ; 5.0: 1106 (11.84%) ; 4.0: 1067 (11.42%) ; 6.0: 718 (7.69%) ; 10.0: 678 (7.26%) ; 12.0: 382 (4.09%) ; 8.0: 312 (3.34%) ; 7.0: 143 (1.53%) ; ... +25 categorias
D2,Ingestão de Bebidas e Álcool,B2 - Consumo de álcool | Artigos: Machine Learning and Data Mining Methods in Diabetes Research (Kavakiotis et al.),"P03201 - Nos últimos trinta dias, o(a) Sr(a) chegou a consumir cinco ou mais doses de bebida alcoólica em uma única ocasião?",Machine Learning and Data Mining Methods in Diabetes Research (Kavakiotis et al.),Revisão em TI/ML que destaca variáveis clínicas e comportamentais relevantes para predição em diabetes.,Nominal,Não se aplica,Não se aplica,Não se aplica,Não se aplica,2.0,2.0: 5177 (55.43%) ; 1.0: 4163 (44.57%),Categoria: Nominal | Min: Não se aplica | Max: Não se aplica | Média: Não se aplica | Desvio padrão: Não se aplica | Moda: 2.0 | Frequência: 2.0: 5177 (55.43%) ; 1.0: 4163 (44.57%)
D3,Atividade Física e Sedentarismo,C1 - Exercício programado | Artigos: Prática de atividade física no tempo livre e deslocamento ativo (Garcia et al.) ; Prática de atividade física e comportamento sedentário (Malta et al.),"P034 - Nos últimos três meses, o(a) Sr(a) praticou algum tipo de exercício físico ou esporte?",Prática de atividade física no tempo livre e deslocamento ativo (Garcia et al.),Justifica atividade física no tempo livre e deslocamento ativo como determinantes de risco.,Nominal,Não se aplica,Não se aplica,Não se aplica,Não se aplica,2.0,2.0: 11724 (57.17%) ; 1.0: 8785 (42.83%),Categoria: Nominal | Min: Não se aplica | Max: Não se aplica | Média: Não se aplica | Desvio padrão: Não se aplica | Moda: 2.0 | Frequência: 2.0: 11724 (57.17%) ; 1.0: 8785 (42.83%)
D3,Atividade Física e Sedentarismo,C1 - Exercício programado | Artigos: Prática de atividade física no tempo livre e deslocamento ativo (Garcia et al.) ; Prática de atividade física e comportamento sedentário (Malta et al.),P035 - Quantos dias por semana o(a) Sr(a) costuma (costumava)praticar exercício físico ou esporte?,Prática de atividade física no tempo livre e deslocamento ativo (Garcia et al.),Justifica atividade física no tempo livre e deslocamento ativo como determinantes de risco.,Ordinal,0,7,3.2974,1.8804,3.0,3.0: 2099 (23.89%) ; 5.0: 1539 (17.52%) ; 2.0: 1537 (17.50%) ; 1.0: 1484 (16.89%) ; 4.0: 746 (8.49%) ; 7.0: 720 (8.20%) ; 6.0: 399 (4.54%) ; 0.0: 261 (2.97%),Categoria: Ordinal | Min: 0 | Max: 7 | Média: 3.2974 | Desvio padrão: 1.8804 | Moda: 3.0 | Frequência: 3.0: 2099 (23.89%) ; 5.0: 1539 (17.52%) ; 2.0: 1537 (17.50%) ; 1.0: 1484 (16.89%) ; 4.0: 746 (8.49%) ; 7.0: 720 (8.20%) ; 6.0: 399 (4.54%) ; 0.0: 261 (2.97%)
D3,Atividade Física e Sedentarismo,C1 - Exercício programado | Artigos: Prática de atividade física no tempo livre e deslocamento ativo (Garcia et al.) ; Prática de atividade física e comportamento sedentário (Malta et al.),"P03701 - Em geral, no dia que o(a) Sr(a) pratica exercício ou esporte, quanto tempo em horas dura essa atividade? Horas",Prática de atividade física no tempo livre e deslocamento ativo (Garcia et al.),Justifica atividade física no tempo livre e deslocamento ativo como determinantes de risco.,Ordinal,0,12,1.0515,0.7928,1.0,1.0: 5206 (61.07%) ; 0.0: 1672 (19.62%) ; 2.0: 1351 (15.85%) ; 3.0: 206 (2.42%) ; 4.0: 50 (0.59%) ; 5.0: 16 (0.19%) ; 6.0: 15 (0.18%) ; 8.0: 6 (0.07%) ; 12.0: 1 (0.01%) ; 7.0: 1 (0.01%),Categoria: Ordinal | Min: 0 | Max: 12 | Média: 1.0515 | Desvio padrão: 0.7928 | Moda: 1.0 | Frequência: 1.0: 5206 (61.07%) ; 0.0: 1672 (19.62%) ; 2.0: 1351 (15.85%) ; 3.0: 206 (2.42%) ; 4.0: 50 (0.59%) ; 5.0: 16 (0.19%) ; 6.0: 15 (0.18%) ; 8.0: 6 (0.07%) ; 12.0: 1 (0.01%) ; 7.0: 1 (0.01%)
D3,Atividade Física e Sedentarismo,C1 - Exercício programado | Artigos: Prática de atividade física no tempo livre e deslocamento ativo (Garcia et al.) ; Prática de atividade física e comportamento sedentário (Malta et al.),"P03702 - Em geral, no dia que o(a) Sr(a) pratica (praticava) exercício ou esporte, quanto tempo em minutos dura essa atividade?Minutos",Prática de atividade física no tempo livre e deslocamento ativo (Garcia et al.),Justifica atividade física no tempo livre e deslocamento ativo como determinantes de risco.,Ordinal,0,59,13.2904,16.7040,0.0,0.0: 5002 (58.68%) ; 30.0: 2105 (24.69%) ; 40.0: 637 (7.47%) ; 20.0: 227 (2.66%) ; 50.0: 187 (2.19%) ; 45.0: 161 (1.89%) ; 15.0: 78 (0.92%) ; 10.0: 68 (0.80%) ; 25.0: 20 (0.23%) ; 35.0: 15 (0.18%) ; ... +12 categorias,Categoria: Ordinal | Min: 0 | Max: 59 | Média: 13.2904 | Desvio padrão: 16.7040 | Moda: 0.0 | Frequência: 0.0: 5002 (58.68%) ; 30.0: 2105 (24.69%) ; 40.0: 637 (7.47%) ; 20.0: 227 (2.66%) ; 50.0: 187 (2.19%) ; 45.0: 161 (1.89%) ; 15.0: 78 (0.92%) ; 10.0: 68 (0.80%) ; 25.0: 20 (0.23%) ; 35.0: 15 (0.18%) ; ... +12 categorias
D3,Atividade Física e Sedentarismo,C1 - Exercício programado | Artigos: Prática de atividade física no tempo livre e deslocamento ativo (Garcia et al.) ; Prática de atividade física e comportamento sedentário (Malta et al.),P036 - Qual o exercício físico ou esporte que o(a) Sr(a) pratica (praticava) com mais frequência? (Anotar apenas o primeiro citado),Prática de atividade física no tempo livre e deslocamento ativo (Garcia et al.),Justifica atividade física no tempo livre e deslocamento ativo como determinantes de risco.,Nominal,Não se aplica,Não se aplica,Não se aplica,Não se aplica,1.0,1.0: 2892 (33.93%) ; 5.0: 1709 (20.05%) ; 12.0: 1545 (18.13%) ; 3.0: 588 (6.90%) ; 11.0: 433 (5.08%) ; 6.0: 360 (4.22%) ; 8.0: 194 (2.28%) ; 17.0: 192 (2.25%) ; 10.0: 147 (1.72%) ; 2.0: 146 (1.71%) ; ... +7 categorias,Categoria: Nominal | Min: Não se aplica | Max: Não se aplica | Média: Não se aplica | Desvio padrão: Não se aplica | Moda: 1.0 | Frequência: 1.0: 2892 (33.93%) ; 5.0: 1709 (20.05%) ; 12.0: 1545 (18.13%) ; 3.0: 588 (6.90%) ; 11.0: 433 (5.08%) ; 6.0: 360 (4.22%) ; 8.0: 194 (2.28%) ; 17.0: 192 (2.25%) ; 10.0: 147 (1.72%) ; 2.0: 146 (1.71%) ; ... +7 categorias
D3,Atividade Física e Sedentarismo,C2 - Atividade habitual e deslocamento ativo | Artigos: Prática de atividade física no tempo livre e deslocamento ativo (Garcia et al.) ; Prática de atividade física e comportamento sedentário (Malta et al.),"P038 - No seu trabalho, o(a) Sr(a) anda bastante a pé?",Prática de atividade física no tempo livre e deslocamento ativo (Garcia et al.),Justifica atividade física no tempo livre e deslocamento ativo como determinantes de risco.,Nominal,Não se aplica,Não se aplica,Não se aplica,Não se aplica,2.0,2.0: 9928 (61.58%) ; 1.0: 6194 (38.42%),Categoria: Nominal | Min: Não se aplica | Max: Não se aplica | Média: Não se aplica | Desvio padrão: Não se aplica | Moda: 2.0 | Frequência: 2.0: 9928 (61.58%) ; 1.0: 6194 (38.42%)
D3,Atividade Física e Sedentarismo,C2 - Atividade habitual e deslocamento ativo | Artigos: Prática de atividade física no tempo livre e deslocamento ativo (Garcia et al.) ; Prática de atividade física e comportamento sedentário (Malta et al.),"P039 - No seu trabalho, o(a) Sr(a) faz faxina pesada, carrega peso ou faz outra atividade pesada que requer esforço físico intenso?",Prática de atividade física no tempo livre e deslocamento ativo (Garcia et al.),Justifica atividade física no tempo livre e deslocamento ativo como determinantes de risco.,Nominal,Não se aplica,Não se aplica,Não se aplica,Não se aplica,2.0,2.0: 12119 (75.17%) ; 1.0: 4003 (24.83%),Categoria: Nominal | Min: Não se aplica | Max: Não se aplica | Média: Não se aplica | Desvio padrão: Não se aplica | Moda: 2.0 | Frequência: 2.0: 12119 (75.17%) ; 1.0: 4003 (24.83%)
D3,Atividade Física e Sedentarismo,C2 - Atividade habitual e deslocamento ativo | Artigos: Prática de atividade física no tempo livre e deslocamento ativo (Garcia et al.) ; Prática de atividade física e comportamento sedentário (Malta et al.),"P040 - Para ir ou voltar do trabalho, o(a) Sr(a) faz algum trajeto a pé ou de bicicleta?",Prática de atividade física no tempo livre e deslocamento ativo (Garcia et al.),Justifica atividade física no tempo livre e deslocamento ativo como determinantes de risco.,Ordinal,1,3,2.4441,0.8343,3.0,3.0: 10780 (66.87%) ; 1.0: 3620 (22.45%) ; 2.0: 1722 (10.68%),Categoria: Ordinal | Min: 1 | Max: 3 | Média: 2.4441 | Desvio padrão: 0.8343 | Moda: 3.0 | Frequência: 3.0: 10780 (66.87%) ; 1.0: 3620 (22.45%) ; 2.0: 1722 (10.68%)
D3,Atividade Física e Sedentarismo,C2 - Atividade habitual e deslocamento ativo | Artigos: Prática de atividade física no tempo livre e deslocamento ativo (Garcia et al.) ; Prática de atividade física e comportamento sedentário (Malta et al.),P04001 - Quantos dias por semana o(a) Sr(a) faz algum trajeto a pé ou bicicleta?,Prática de atividade física no tempo livre e deslocamento ativo (Garcia et al.),Justifica atividade física no tempo livre e deslocamento ativo como determinantes de risco.,Ordinal,0,7,4.8542,1.5410,5.0,5.0: 2085 (39.03%) ; 6.0: 1368 (25.61%) ; 7.0: 530 (9.92%) ; 3.0: 523 (9.79%) ; 4.0: 326 (6.10%) ; 2.0: 288 (5.39%) ; 1.0: 139 (2.60%) ; 0.0: 83 (1.55%),Categoria: Ordinal | Min: 0 | Max: 7 | Média: 4.8542 | Desvio padrão: 1.5410 | Moda: 5.0 | Frequência: 5.0: 2085 (39.03%) ; 6.0: 1368 (25.61%) ; 7.0: 530 (9.92%) ; 3.0: 523 (9.79%) ; 4.0: 326 (6.10%) ; 2.0: 288 (5.39%) ; 1.0: 139 (2.60%) ; 0.0: 83 (1.55%)
D3,Atividade Física e Sedentarismo,C2 - Atividade habitual e deslocamento ativo | Artigos: Prática de atividade física no tempo livre e deslocamento ativo (Garcia et al.) ; Prática de atividade física e comportamento sedentário (Malta et al.),"P04101 - Quanto tempo o(a) Sr(a) gasta, por dia, para percorrer este trajeto a pé ou de bicicleta, considerando a ida e a volta do trabalho?Horas",Prática de atividade física no tempo livre e deslocamento ativo (Garcia et al.),Justifica atividade física no tempo livre e deslocamento ativo como determinantes de risco.,Nominal,Não se aplica,Não se aplica,Não se aplica,Não se aplica,0.0,0.0: 4300 (81.76%) ; 1.0: 728 (13.84%) ; 2.0: 151 (2.87%) ; 3.0: 41 (0.78%) ; 4.0: 23 (0.44%) ; 6.0: 7 (0.13%) ; 5.0: 7 (0.13%) ; 7.0: 2 (0.04%),Categoria: Nominal | Min: Não se aplica | Max: Não se aplica | Média: Não se aplica | Desvio padrão: Não se aplica | Moda: 0.0 | Frequência: 0.0: 4300 (81.76%) ; 1.0: 728 (13.84%) ; 2.0: 151 (2.87%) ; 3.0: 41 (0.78%) ; 4.0: 23 (0.44%) ; 6.0: 7 (0.13%) ; 5.0: 7 (0.13%) ; 7.0: 2 (0.04%)
D3,Atividade Física e Sedentarismo,C2 - Atividade habitual e deslocamento ativo | Artigos: Prática de atividade física no tempo livre e deslocamento ativo (Garcia et al.) ; Prática de atividade física e comportamento sedentário (Malta et al.),"P04102 - Quanto tempo o(a) Sr(a) gasta, por dia, para percorrer este trajeto a pé ou de bicicleta, considerando a ida e a volta do trabalho?Minutos",Prática de atividade física no tempo livre e deslocamento ativo (Garcia et al.),Justifica atividade física no tempo livre e deslocamento ativo como determinantes de risco.,Nominal,Não se aplica,Não se aplica,Não se aplica,Não se aplica,20.0,20.0: 1062 (20.19%) ; 10.0: 941 (17.89%) ; 30.0: 926 (17.61%) ; 0.0: 743 (14.13%) ; 40.0: 536 (10.19%) ; 5.0: 264 (5.02%) ; 15.0: 215 (4.09%) ; 2.0: 97 (1.84%) ; 50.0: 91 (1.73%) ; 6.0: 67 (1.27%) ; ... +25 categorias,Categoria: Nominal | Min: Não se aplica | Max: Não se aplica | Média: Não se aplica | Desvio padrão: Não se aplica | Moda: 20.0 | Frequência: 20.0: 1062 (20.19%) ; 10.0: 941 (17.89%) ; 30.0: 926 (17.61%) ; 0.0: 743 (14.13%) ; 40.0: 536 (10.19%) ; 5.0: 264 (5.02%) ; 15.0: 215 (4.09%) ; 2.0: 97 (1.84%) ; 50.0: 91 (1.73%) ; 6.0: 67 (1.27%) ; ... +25 categorias
D3,Atividade Física e Sedentarismo,C2 - Atividade habitual e deslocamento ativo | Artigos: Prática de atividade física no tempo livre e deslocamento ativo (Garcia et al.) ; Prática de atividade física e comportamento sedentário (Malta et al.),VDM001 - Faixa de tempo gasto por dia no deslocamento casa-trabalho pelas pessoas ocupadas que se deslocavam para o trabalho,Prática de atividade física no tempo livre e deslocamento ativo (Garcia et al.),Justifica atividade física no tempo livre e deslocamento ativo como determinantes de risco.,Ordinal,1,4,2.1936,1.0813,1.0,1.0: 4896 (34.81%) ; 2.0: 3779 (26.87%) ; 3.0: 3163 (22.49%) ; 4.0: 2228 (15.84%),Categoria: Ordinal | Min: 1 | Max: 4 | Média: 2.1936 | Desvio padrão: 1.0813 | Moda: 1.0 | Frequência: 1.0: 4896 (34.81%) ; 2.0: 3779 (26.87%) ; 3.0: 3163 (22.49%) ; 4.0: 2228 (15.84%)
D3,Atividade Física e Sedentarismo,C3 - Comportamento sedentário | Artigos: Prática de atividade física e comportamento sedentário (Malta et al.),"P04501 - Em média, quantas horas por dia o(a) Sr(a) costuma ficar assistindo televisão?",Prática de atividade física e comportamento sedentário (Malta et al.),Sustenta a inclusão de atividade física e comportamento sedentário no modelo.,Ordinal,1,6,2.6980,1.4507,2.0,2.0: 6281 (30.63%) ; 1.0: 4567 (22.27%) ; 3.0: 4445 (21.67%) ; 4.0: 2837 (13.83%) ; 6.0: 1626 (7.93%) ; 5.0: 753 (3.67%),Categoria: Ordinal | Min: 1 | Max: 6 | Média: 2.6980 | Desvio padrão: 1.4507 | Moda: 2.0 | Frequência: 2.0: 6281 (30.63%) ; 1.0: 4567 (22.27%) ; 3.0: 4445 (21.67%) ; 4.0: 2837 (13.83%) ; 6.0: 1626 (7.93%) ; 5.0: 753 (3.67%)
D3,Atividade Física e Sedentarismo,C3 - Comportamento sedentário | Artigos: Prática de atividade física e comportamento sedentário (Malta et al.),"P04502 - Em um dia, quantas horas do seu tempo livre (excluindo o trabalho), o(a) Sr(a) costuma usar computador, tablet ou celular para lazer, tais como: utilizar redes sociais, para ver notícias, vídeos, jogar etc?",Prática de atividade física e comportamento sedentário (Malta et al.),Sustenta a inclusão de atividade física e comportamento sedentário no modelo.,Ordinal,1,6,3.3425,1.8438,6.0,6.0: 4812 (23.46%) ; 2.0: 4607 (22.46%) ; 1.0: 4056 (19.78%) ; 3.0: 3065 (14.94%) ; 4.0: 2631 (12.83%) ; 5.0: 1338 (6.52%),Categoria: Ordinal | Min: 1 | Max: 6 | Média: 3.3425 | Desvio padrão: 1.8438 | Moda: 6.0 | Frequência: 6.0: 4812 (23.46%) ; 2.0: 4607 (22.46%) ; 1.0: 4056 (19.78%) ; 3.0: 3065 (14.94%) ; 4.0: 2631 (12.83%) ; 5.0: 1338 (6.52%)
D4,Perfil Antropométrico,D1 - Medidas corporais | Artigos: Machine Learning and Data Mining Methods in Diabetes Research (Kavakiotis et al.),W00101 - Peso - 1ª pesagem (em kg) (3 inteiros e 1 casa decimal),Machine Learning and Data Mining Methods in Diabetes Research (Kavakiotis et al.),Revisão em TI/ML que destaca variáveis clínicas e comportamentais relevantes para predição em diabetes.,Ordinal,34.8000,144.1000,74.0836,14.7409,70.0,70.0: 27 (1.89%) ; 72.0: 24 (1.68%) ; 60.0: 23 (1.61%) ; 67.0: 23 (1.61%) ; 62.0: 22 (1.54%) ; 65.0: 19 (1.33%) ; 73.0: 19 (1.33%) ; 76.0: 18 (1.26%) ; 66.0: 17 (1.19%) ; 68.0: 17 (1.19%) ; ... +468 categorias,Categoria: Ordinal | Min: 34.8000 | Max: 144.1000 | Média: 74.0836 | Desvio padrão: 14.7409 | Moda: 70.0 | Frequência: 70.0: 27 (1.89%) ; 72.0: 24 (1.68%) ; 60.0: 23 (1.61%) ; 67.0: 23 (1.61%) ; 62.0: 22 (1.54%) ; 65.0: 19 (1.33%) ; 73.0: 19 (1.33%) ; 76.0: 18 (1.26%) ; 66.0: 17 (1.19%) ; 68.0: 17 (1.19%) ; ... +468 categorias
D4,Perfil Antropométrico,D1 - Medidas corporais | Artigos: Machine Learning and Data Mining Methods in Diabetes Research (Kavakiotis et al.),W00102 - Peso - 2ª pesagem (em kg) (3 inteiros e 1 casa decimal),Machine Learning and Data Mining Methods in Diabetes Research (Kavakiotis et al.),Revisão em TI/ML que destaca variáveis clínicas e comportamentais relevantes para predição em diabetes.,Ordinal,34.9000,144.1000,74.0488,14.7345,70.0,70.0: 24 (1.68%) ; 62.0: 23 (1.61%) ; 67.0: 23 (1.61%) ; 60.0: 23 (1.61%) ; 72.0: 22 (1.54%) ; 65.0: 21 (1.47%) ; 73.0: 20 (1.40%) ; 86.0: 19 (1.33%) ; 68.0: 18 (1.26%) ; 76.0: 17 (1.19%) ; ... +466 categorias,Categoria: Ordinal | Min: 34.9000 | Max: 144.1000 | Média: 74.0488 | Desvio padrão: 14.7345 | Moda: 70.0 | Frequência: 70.0: 24 (1.68%) ; 62.0: 23 (1.61%) ; 67.0: 23 (1.61%) ; 60.0: 23 (1.61%) ; 72.0: 22 (1.54%) ; 65.0: 21 (1.47%) ; 73.0: 20 (1.40%) ; 86.0: 19 (1.33%) ; 68.0: 18 (1.26%) ; 76.0: 17 (1.19%) ; ... +466 categorias
D4,Perfil Antropométrico,D1 - Medidas corporais | Artigos: Machine Learning and Data Mining Methods in Diabetes Research (Kavakiotis et al.),W00201 - Altura - 1ª medição (em cm) (3 inteiros e 1 casa decimal),Machine Learning and Data Mining Methods in Diabetes Research (Kavakiotis et al.),Revisão em TI/ML que destaca variáveis clínicas e comportamentais relevantes para predição em diabetes.,Ordinal,130,194.8000,166.3477,9.4236,160.0,160.0: 52 (3.66%) ; 170.0: 48 (3.38%) ; 165.0: 45 (3.16%) ; 163.0: 44 (3.09%) ; 164.0: 40 (2.81%) ; 168.0: 37 (2.60%) ; 174.0: 37 (2.60%) ; 175.0: 36 (2.53%) ; 167.0: 35 (2.46%) ; 162.0: 34 (2.39%) ; ... +264 categorias,Categoria: Ordinal | Min: 130 | Max: 194.8000 | Média: 166.3477 | Desvio padrão: 9.4236 | Moda: 160.0 | Frequência: 160.0: 52 (3.66%) ; 170.0: 48 (3.38%) ; 165.0: 45 (3.16%) ; 163.0: 44 (3.09%) ; 164.0: 40 (2.81%) ; 168.0: 37 (2.60%) ; 174.0: 37 (2.60%) ; 175.0: 36 (2.53%) ; 167.0: 35 (2.46%) ; 162.0: 34 (2.39%) ; ... +264 categorias
D4,Perfil Antropométrico,D1 - Medidas corporais | Artigos: Machine Learning and Data Mining Methods in Diabetes Research (Kavakiotis et al.),W00202 - Altura - 2ª medição (em cm) (3 inteiros e 1 casa decimal),Machine Learning and Data Mining Methods in Diabetes Research (Kavakiotis et al.),Revisão em TI/ML que destaca variáveis clínicas e comportamentais relevantes para predição em diabetes.,Ordinal,129,194.7000,166.3340,9.4254,160.0,160.0: 53 (3.73%) ; 170.0: 48 (3.38%) ; 165.0: 45 (3.16%) ; 163.0: 42 (2.95%) ; 164.0: 39 (2.74%) ; 168.0: 36 (2.53%) ; 167.0: 34 (2.39%) ; 166.0: 33 (2.32%) ; 171.0: 32 (2.25%) ; 175.0: 31 (2.18%) ; ... +277 categorias,Categoria: Ordinal | Min: 129 | Max: 194.7000 | Média: 166.3340 | Desvio padrão: 9.4254 | Moda: 160.0 | Frequência: 160.0: 53 (3.73%) ; 170.0: 48 (3.38%) ; 165.0: 45 (3.16%) ; 163.0: 42 (2.95%) ; 164.0: 39 (2.74%) ; 168.0: 36 (2.53%) ; 167.0: 34 (2.39%) ; 166.0: 33 (2.32%) ; 171.0: 32 (2.25%) ; 175.0: 31 (2.18%) ; ... +277 categorias
D4,Perfil Antropométrico,D1 - Medidas corporais | Artigos: Machine Learning and Data Mining Methods in Diabetes Research (Kavakiotis et al.),W00203 - Altura - Final (em cm) (3 inteiros e 1 casa decimal),Machine Learning and Data Mining Methods in Diabetes Research (Kavakiotis et al.),Revisão em TI/ML que destaca variáveis clínicas e comportamentais relevantes para predição em diabetes.,Ordinal,135,194.8000,166.3682,9.3959,160.0,160.0: 45 (3.11%) ; 170.0: 42 (2.91%) ; 165.0: 39 (2.70%) ; 163.0: 33 (2.28%) ; 164.0: 31 (2.15%) ; 168.0: 30 (2.08%) ; 167.0: 29 (2.01%) ; 172.0: 28 (1.94%) ; 174.0: 26 (1.80%) ; 166.0: 26 (1.80%) ; ... +302 categorias,Categoria: Ordinal | Min: 135 | Max: 194.8000 | Média: 166.3682 | Desvio padrão: 9.3959 | Moda: 160.0 | Frequência: 160.0: 45 (3.11%) ; 170.0: 42 (2.91%) ; 165.0: 39 (2.70%) ; 163.0: 33 (2.28%) ; 164.0: 31 (2.15%) ; 168.0: 30 (2.08%) ; 167.0: 29 (2.01%) ; 172.0: 28 (1.94%) ; 174.0: 26 (1.80%) ; 166.0: 26 (1.80%) ; ... +302 categorias
D4,Perfil Antropométrico,D1 - Medidas corporais | Artigos: Machine Learning and Data Mining Methods in Diabetes Research (Kavakiotis et al.),P00103 - Peso - Informado (em kg) (3 inteiros e 1 casa decimal),Machine Learning and Data Mining Methods in Diabetes Research (Kavakiotis et al.),Revisão em TI/ML que destaca variáveis clínicas e comportamentais relevantes para predição em diabetes.,Ordinal,30,180,73.2520,14.6344,70.0,70.0: 793 (4.14%) ; 65.0: 746 (3.89%) ; 80.0: 703 (3.67%) ; 78.0: 686 (3.58%) ; 72.0: 685 (3.57%) ; 75.0: 668 (3.48%) ; 68.0: 644 (3.36%) ; 60.0: 643 (3.35%) ; 62.0: 611 (3.19%) ; 63.0: 499 (2.60%) ; ... +195 categorias,Categoria: Ordinal | Min: 30 | Max: 180 | Média: 73.2520 | Desvio padrão: 14.6344 | Moda: 70.0 | Frequência: 70.0: 793 (4.14%) ; 65.0: 746 (3.89%) ; 80.0: 703 (3.67%) ; 78.0: 686 (3.58%) ; 72.0: 685 (3.57%) ; 75.0: 668 (3.48%) ; 68.0: 644 (3.36%) ; 60.0: 643 (3.35%) ; 62.0: 611 (3.19%) ; 63.0: 499 (2.60%) ; ... +195 categorias
D4,Perfil Antropométrico,D1 - Medidas corporais | Artigos: Machine Learning and Data Mining Methods in Diabetes Research (Kavakiotis et al.),P00104 - Peso - Final (em kg) (3 inteiros e 1 casa decimal),Machine Learning and Data Mining Methods in Diabetes Research (Kavakiotis et al.),Revisão em TI/ML que destaca variáveis clínicas e comportamentais relevantes para predição em diabetes.,Ordinal,32,160,73.2377,14.5696,70.0,70.0: 826 (4.07%) ; 65.0: 775 (3.81%) ; 80.0: 725 (3.57%) ; 72.0: 720 (3.54%) ; 78.0: 712 (3.50%) ; 75.0: 695 (3.42%) ; 68.0: 684 (3.37%) ; 60.0: 678 (3.34%) ; 62.0: 643 (3.16%) ; 63.0: 545 (2.68%) ; ... +102 categorias,Categoria: Ordinal | Min: 32 | Max: 160 | Média: 73.2377 | Desvio padrão: 14.5696 | Moda: 70.0 | Frequência: 70.0: 826 (4.07%) ; 65.0: 775 (3.81%) ; 80.0: 725 (3.57%) ; 72.0: 720 (3.54%) ; 78.0: 712 (3.50%) ; 75.0: 695 (3.42%) ; 68.0: 684 (3.37%) ; 60.0: 678 (3.34%) ; 62.0: 643 (3.16%) ; 63.0: 545 (2.68%) ; ... +102 categorias
D4,Perfil Antropométrico,D1 - Medidas corporais | Artigos: Machine Learning and Data Mining Methods in Diabetes Research (Kavakiotis et al.),W00103 - Peso - Final (em kg) (3 inteiros e 1 casa decimal),Machine Learning and Data Mining Methods in Diabetes Research (Kavakiotis et al.),Revisão em TI/ML que destaca variáveis clínicas e comportamentais relevantes para predição em diabetes.,Ordinal,34.9000,134.9000,74.2477,14.5729,60.0,60.0: 23 (1.59%) ; 70.0: 22 (1.52%) ; 62.0: 21 (1.45%) ; 72.0: 21 (1.45%) ; 67.0: 21 (1.45%) ; 65.0: 19 (1.31%) ; 73.0: 17 (1.18%) ; 66.0: 17 (1.18%) ; 68.0: 16 (1.11%) ; 75.0: 16 (1.11%) ; ... +472 categorias,Categoria: Ordinal | Min: 34.9000 | Max: 134.9000 | Média: 74.2477 | Desvio padrão: 14.5729 | Moda: 60.0 | Frequência: 60.0: 23 (1.59%) ; 70.0: 22 (1.52%) ; 62.0: 21 (1.45%) ; 72.0: 21 (1.45%) ; 67.0: 21 (1.45%) ; 65.0: 19 (1.31%) ; 73.0: 17 (1.18%) ; 66.0: 17 (1.18%) ; 68.0: 16 (1.11%) ; 75.0: 16 (1.11%) ; ... +472 categorias
D4,Perfil Antropométrico,D1 - Medidas corporais | Artigos: Machine Learning and Data Mining Methods in Diabetes Research (Kavakiotis et al.),P00403 - Altura - Informada (em cm) (3 inteiros),Machine Learning and Data Mining Methods in Diabetes Research (Kavakiotis et al.),Revisão em TI/ML que destaca variáveis clínicas e comportamentais relevantes para predição em diabetes.,Ordinal,120,202,166.7946,9.5383,165.0,165.0: 1477 (8.17%) ; 160.0: 1306 (7.22%) ; 170.0: 1301 (7.19%) ; 175.0: 965 (5.34%) ; 168.0: 827 (4.57%) ; 162.0: 726 (4.01%) ; 172.0: 645 (3.57%) ; 155.0: 631 (3.49%) ; 167.0: 601 (3.32%) ; 163.0: 572 (3.16%) ; ... +60 categorias,Categoria: Ordinal | Min: 120 | Max: 202 | Média: 166.7946 | Desvio padrão: 9.5383 | Moda: 165.0 | Frequência: 165.0: 1477 (8.17%) ; 160.0: 1306 (7.22%) ; 170.0: 1301 (7.19%) ; 175.0: 965 (5.34%) ; 168.0: 827 (4.57%) ; 162.0: 726 (4.01%) ; 172.0: 645 (3.57%) ; 155.0: 631 (3.49%) ; 167.0: 601 (3.32%) ; 163.0: 572 (3.16%) ; ... +60 categorias
D4,Perfil Antropométrico,D1 - Medidas corporais | Artigos: Machine Learning and Data Mining Methods in Diabetes Research (Kavakiotis et al.),P00404 - Altura - Final (em cm) (3 inteiros),Machine Learning and Data Mining Methods in Diabetes Research (Kavakiotis et al.),Revisão em TI/ML que destaca variáveis clínicas e comportamentais relevantes para predição em diabetes.,Ordinal,130,202,166.3682,9.5753,165.0,165.0: 1578 (7.77%) ; 160.0: 1400 (6.89%) ; 170.0: 1366 (6.72%) ; 175.0: 1006 (4.95%) ; 168.0: 897 (4.42%) ; 162.0: 823 (4.05%) ; 155.0: 707 (3.48%) ; 172.0: 692 (3.41%) ; 167.0: 670 (3.30%) ; 163.0: 656 (3.23%) ; ... +61 categorias,Categoria: Ordinal | Min: 130 | Max: 202 | Média: 166.3682 | Desvio padrão: 9.5753 | Moda: 165.0 | Frequência: 165.0: 1578 (7.77%) ; 160.0: 1400 (6.89%) ; 170.0: 1366 (6.72%) ; 175.0: 1006 (4.95%) ; 168.0: 897 (4.42%) ; 162.0: 823 (4.05%) ; 155.0: 707 (3.48%) ; 172.0: 692 (3.41%) ; 167.0: 670 (3.30%) ; 163.0: 656 (3.23%) ; ... +61 categorias
D5,Perfil Sociodemográfico e Econômico,E1 - Características pessoais | Artigos: Desigualdades sociodemográficas no consumo alimentar no Brasil (Souza et al.) ; Socioeconomic inequalities related to noncommunicable diseases and their limitations (Malta et al.),C006 - Sexo,Desigualdades sociodemográficas no consumo alimentar no Brasil (Souza et al.),Demonstra diferenças sociodemográficas no padrão de consumo alimentar no Brasil.,Nominal,Não se aplica,Não se aplica,Não se aplica,Não se aplica,1.0,1.0: 10793 (52.63%) ; 2.0: 9716 (47.37%),Categoria: Nominal | Min: Não se aplica | Max: Não se aplica | Média: Não se aplica | Desvio padrão: Não se aplica | Moda: 1.0 | Frequência: 1.0: 10793 (52.63%) ; 2.0: 9716 (47.37%)
D5,Perfil Sociodemográfico e Econômico,E1 - Características pessoais | Artigos: Desigualdades sociodemográficas no consumo alimentar no Brasil (Souza et al.) ; Socioeconomic inequalities related to noncommunicable diseases and their limitations (Malta et al.),C008 - Idade do morador na data de referência,Desigualdades sociodemográficas no consumo alimentar no Brasil (Souza et al.),Demonstra diferenças sociodemográficas no padrão de consumo alimentar no Brasil.,Ordinal,30,60,42.1924,8.4627,37.0,37.0: 990 (4.83%) ; 30.0: 977 (4.76%) ; 35.0: 951 (4.64%) ; 34.0: 936 (4.56%) ; 32.0: 922 (4.50%) ; 36.0: 921 (4.49%) ; 33.0: 919 (4.48%) ; 39.0: 913 (4.45%) ; 38.0: 886 (4.32%) ; 31.0: 848 (4.13%) ; ... +21 categorias,Categoria: Ordinal | Min: 30 | Max: 60 | Média: 42.1924 | Desvio padrão: 8.4627 | Moda: 37.0 | Frequência: 37.0: 990 (4.83%) ; 30.0: 977 (4.76%) ; 35.0: 951 (4.64%) ; 34.0: 936 (4.56%) ; 32.0: 922 (4.50%) ; 36.0: 921 (4.49%) ; 33.0: 919 (4.48%) ; 39.0: 913 (4.45%) ; 38.0: 886 (4.32%) ; 31.0: 848 (4.13%) ; ... +21 categorias
D5,Perfil Sociodemográfico e Econômico,E1 - Características pessoais | Artigos: Desigualdades sociodemográficas no consumo alimentar no Brasil (Souza et al.) ; Socioeconomic inequalities related to noncommunicable diseases and their limitations (Malta et al.),C009 - Cor ou raça,Desigualdades sociodemográficas no consumo alimentar no Brasil (Souza et al.),Demonstra diferenças sociodemográficas no padrão de consumo alimentar no Brasil.,Nominal,Não se aplica,Não se aplica,Não se aplica,Não se aplica,4.0,4.0: 10634 (51.85%) ; 1.0: 7221 (35.21%) ; 2.0: 2351 (11.46%) ; 3.0: 160 (0.78%) ; 5.0: 142 (0.69%) ; 9.0: 1 (0.00%),Categoria: Nominal | Min: Não se aplica | Max: Não se aplica | Média: Não se aplica | Desvio padrão: Não se aplica | Moda: 4.0 | Frequência: 4.0: 10634 (51.85%) ; 1.0: 7221 (35.21%) ; 2.0: 2351 (11.46%) ; 3.0: 160 (0.78%) ; 5.0: 142 (0.69%) ; 9.0: 1 (0.00%)
D5,Perfil Sociodemográfico e Econômico,E1 - Características pessoais | Artigos: Desigualdades sociodemográficas no consumo alimentar no Brasil (Souza et al.) ; Socioeconomic inequalities related to noncommunicable diseases and their limitations (Malta et al.),C011 - Qual é o estado civil de ___?,Desigualdades sociodemográficas no consumo alimentar no Brasil (Souza et al.),Demonstra diferenças sociodemográficas no padrão de consumo alimentar no Brasil.,Nominal,Não se aplica,Não se aplica,Não se aplica,Não se aplica,4.0,4.0: 9310 (45.39%) ; 1.0: 9063 (44.19%) ; 2.0: 1709 (8.33%) ; 3.0: 427 (2.08%),Categoria: Nominal | Min: Não se aplica | Max: Não se aplica | Média: Não se aplica | Desvio padrão: Não se aplica | Moda: 4.0 | Frequência: 4.0: 9310 (45.39%) ; 1.0: 9063 (44.19%) ; 2.0: 1709 (8.33%) ; 3.0: 427 (2.08%)
D5,Perfil Sociodemográfico e Econômico,E2 - Escolaridade | Artigos: Desigualdades sociodemográficas no consumo alimentar no Brasil (Souza et al.),VDD004A - Nível de instrução mais elevado alcançado (pessoas de 5 anos ou mais de idade) padronizado para o Ensino Fundamental - SISTEMA DE 9 ANOS,Desigualdades sociodemográficas no consumo alimentar no Brasil (Souza et al.),Demonstra diferenças sociodemográficas no padrão de consumo alimentar no Brasil.,Nominal,Não se aplica,Não se aplica,Não se aplica,Não se aplica,5.0,5.0: 6617 (32.26%) ; 2.0: 5206 (25.38%) ; 7.0: 4093 (19.96%) ; 3.0: 1628 (7.94%) ; 4.0: 1257 (6.13%) ; 1.0: 860 (4.19%) ; 6.0: 848 (4.13%),Categoria: Nominal | Min: Não se aplica | Max: Não se aplica | Média: Não se aplica | Desvio padrão: Não se aplica | Moda: 5.0 | Frequência: 5.0: 6617 (32.26%) ; 2.0: 5206 (25.38%) ; 7.0: 4093 (19.96%) ; 3.0: 1628 (7.94%) ; 4.0: 1257 (6.13%) ; 1.0: 860 (4.19%) ; 6.0: 848 (4.13%)
D5,Perfil Sociodemográfico e Econômico,"E3 - Território, renda e trabalho | Artigos: Socioeconomic inequalities related to noncommunicable diseases and their limitations (Malta et al.) ; Desigualdades sociodemográficas no consumo alimentar no Brasil (Souza et al.)",V0026 - Tipo de situação censitária,Socioeconomic inequalities related to noncommunicable diseases and their limitations (Malta et al.),Mostra a influência das desigualdades socioeconômicas no perfil de doença crônica e acesso em saúde.,Nominal,Não se aplica,Não se aplica,Não se aplica,Não se aplica,1,1: 16322 (79.58%) ; 2: 4187 (20.42%),Categoria: Nominal | Min: Não se aplica | Max: Não se aplica | Média: Não se aplica | Desvio padrão: Não se aplica | Moda: 1 | Frequência: 1: 16322 (79.58%) ; 2: 4187 (20.42%)
D5,Perfil Sociodemográfico e Econômico,"E3 - Território, renda e trabalho | Artigos: Socioeconomic inequalities related to noncommunicable diseases and their limitations (Malta et al.) ; Desigualdades sociodemográficas no consumo alimentar no Brasil (Souza et al.)",V0031 - Tipo de área,Socioeconomic inequalities related to noncommunicable diseases and their limitations (Malta et al.),Mostra a influência das desigualdades socioeconômicas no perfil de doença crônica e acesso em saúde.,Nominal,Não se aplica,Não se aplica,Não se aplica,Não se aplica,4,4: 8902 (43.41%) ; 1: 7995 (38.98%) ; 2: 3451 (16.83%) ; 3: 161 (0.79%),Categoria: Nominal | Min: Não se aplica | Max: Não se aplica | Média: Não se aplica | Desvio padrão: Não se aplica | Moda: 4 | Frequência: 4: 8902 (43.41%) ; 1: 7995 (38.98%) ; 2: 3451 (16.83%) ; 3: 161 (0.79%)
D5,Perfil Sociodemográfico e Econômico,"E3 - Território, renda e trabalho | Artigos: Socioeconomic inequalities related to noncommunicable diseases and their limitations (Malta et al.) ; Desigualdades sociodemográficas no consumo alimentar no Brasil (Souza et al.)",V0001 - Unidade da Federação,Socioeconomic inequalities related to noncommunicable diseases and their limitations (Malta et al.),Mostra a influência das desigualdades socioeconômicas no perfil de doença crônica e acesso em saúde.,Nominal,Não se aplica,Não se aplica,Não se aplica,Não se aplica,35,35: 1271 (6.20%) ; 31: 1150 (5.61%) ; 33: 1092 (5.32%) ; 21: 1062 (5.18%) ; 26: 975 (4.75%) ; 13: 918 (4.48%) ; 41: 901 (4.39%) ; 42: 897 (4.37%) ; 15: 886 (4.32%) ; 32: 816 (3.98%) ; ... +17 categorias,Categoria: Nominal | Min: Não se aplica | Max: Não se aplica | Média: Não se aplica | Desvio padrão: Não se aplica | Moda: 35 | Frequência: 35: 1271 (6.20%) ; 31: 1150 (5.61%) ; 33: 1092 (5.32%) ; 21: 1062 (5.18%) ; 26: 975 (4.75%) ; 13: 918 (4.48%) ; 41: 901 (4.39%) ; 42: 897 (4.37%) ; 15: 886 (4.32%) ; 32: 816 (3.98%) ; ... +17 categorias
D5,Perfil Sociodemográfico e Econômico,"E3 - Território, renda e trabalho | Artigos: Socioeconomic inequalities related to noncommunicable diseases and their limitations (Malta et al.) ; Desigualdades sociodemográficas no consumo alimentar no Brasil (Souza et al.)","VDF003 - Rendimento domiciliar per capita (exclusive o rendimento das pessoas cuja condição na unidade domiciliar era pensionista, empregado doméstico ou parente do empregado doméstico)",Socioeconomic inequalities related to noncommunicable diseases and their limitations (Malta et al.),Mostra a influência das desigualdades socioeconômicas no perfil de doença crônica e acesso em saúde.,Ordinal,0,90000,1576.1549,2556.6954,1000.0,1000.0: 540 (2.63%) ; 998.0: 399 (1.95%) ; 1500.0: 374 (1.82%) ; 2000.0: 367 (1.79%) ; 499.0: 355 (1.73%) ; 500.0: 329 (1.60%) ; 333.0: 250 (1.22%) ; 1200.0: 243 (1.19%) ; 0.0: 236 (1.15%) ; 600.0: 230 (1.12%) ; ... +2409 categorias,Categoria: Ordinal | Min: 0 | Max: 90000 | Média: 1576.1549 | Desvio padrão: 2556.6954 | Moda: 1000.0 | Frequência: 1000.0: 540 (2.63%) ; 998.0: 399 (1.95%) ; 1500.0: 374 (1.82%) ; 2000.0: 367 (1.79%) ; 499.0: 355 (1.73%) ; 500.0: 329 (1.60%) ; 333.0: 250 (1.22%) ; 1200.0: 243 (1.19%) ; 0.0: 236 (1.15%) ; 600.0: 230 (1.12%) ; ... +2409 categorias
D5,Perfil Sociodemográfico e Econômico,"E3 - Território, renda e trabalho | Artigos: Socioeconomic inequalities related to noncommunicable diseases and their limitations (Malta et al.) ; Desigualdades sociodemográficas no consumo alimentar no Brasil (Souza et al.)","VDF004 - Faixa de rendimento domiciliar per capita (exclusive o rendimento das pessoas cuja condição na unidade domiciliar era pensionista, empregado doméstico ou parente do empregado doméstico)",Socioeconomic inequalities related to noncommunicable diseases and their limitations (Malta et al.),Mostra a influência das desigualdades socioeconômicas no perfil de doença crônica e acesso em saúde.,Ordinal,1,7,3.4777,1.5680,3.0,3.0: 5414 (26.41%) ; 4.0: 5235 (25.54%) ; 2.0: 3313 (16.16%) ; 1.0: 2206 (10.76%) ; 5.0: 1848 (9.02%) ; 6.0: 1345 (6.56%) ; 7.0: 1138 (5.55%),Categoria: Ordinal | Min: 1 | Max: 7 | Média: 3.4777 | Desvio padrão: 1.5680 | Moda: 3.0 | Frequência: 3.0: 5414 (26.41%) ; 4.0: 5235 (25.54%) ; 2.0: 3313 (16.16%) ; 1.0: 2206 (10.76%) ; 5.0: 1848 (9.02%) ; 6.0: 1345 (6.56%) ; 7.0: 1138 (5.55%)
D5,Perfil Sociodemográfico e Econômico,"E3 - Território, renda e trabalho | Artigos: Socioeconomic inequalities related to noncommunicable diseases and their limitations (Malta et al.) ; Desigualdades sociodemográficas no consumo alimentar no Brasil (Souza et al.)",VDE014 - Grupamentos de atividade do trabalho principal da semana de referência para pessoas de 14 anos ou mais de idade,Socioeconomic inequalities related to noncommunicable diseases and their limitations (Malta et al.),Mostra a influência das desigualdades socioeconômicas no perfil de doença crônica e acesso em saúde.,Nominal,Não se aplica,Não se aplica,Não se aplica,Não se aplica,4.0,4.0: 2734 (16.96%) ; 9.0: 2119 (13.14%) ; 1.0: 1958 (12.14%) ; 7.0: 1638 (10.16%) ; 2.0: 1610 (9.99%) ; 3.0: 1233 (7.65%) ; 11.0: 1232 (7.64%) ; 8.0: 1138 (7.06%) ; 5.0: 882 (5.47%) ; 6.0: 834 (5.17%) ; ... +2 categorias,Categoria: Nominal | Min: Não se aplica | Max: Não se aplica | Média: Não se aplica | Desvio padrão: Não se aplica | Moda: 4.0 | Frequência: 4.0: 2734 (16.96%) ; 9.0: 2119 (13.14%) ; 1.0: 1958 (12.14%) ; 7.0: 1638 (10.16%) ; 2.0: 1610 (9.99%) ; 3.0: 1233 (7.65%) ; 11.0: 1232 (7.64%) ; 8.0: 1138 (7.06%) ; 5.0: 882 (5.47%) ; 6.0: 834 (5.17%) ; ... +2 categorias
D5,Perfil Sociodemográfico e Econômico,"E3 - Território, renda e trabalho | Artigos: Socioeconomic inequalities related to noncommunicable diseases and their limitations (Malta et al.) ; Desigualdades sociodemográficas no consumo alimentar no Brasil (Souza et al.)","E017 - Quantas horas ___ trabalhava normalmente, por semana, nesse trabalho?",Socioeconomic inequalities related to noncommunicable diseases and their limitations (Malta et al.),Mostra a influência das desigualdades socioeconômicas no perfil de doença crônica e acesso em saúde.,Ordinal,1,120,38.9753,12.1497,40.0,40.0: 5014 (31.10%) ; 44.0: 2900 (17.99%) ; 48.0: 1236 (7.67%) ; 30.0: 1206 (7.48%) ; 20.0: 796 (4.94%) ; 50.0: 570 (3.54%) ; 36.0: 510 (3.16%) ; 60.0: 503 (3.12%) ; 24.0: 308 (1.91%) ; 45.0: 297 (1.84%) ; ... +77 categorias,Categoria: Ordinal | Min: 1 | Max: 120 | Média: 38.9753 | Desvio padrão: 12.1497 | Moda: 40.0 | Frequência: 40.0: 5014 (31.10%) ; 44.0: 2900 (17.99%) ; 48.0: 1236 (7.67%) ; 30.0: 1206 (7.48%) ; 20.0: 796 (4.94%) ; 50.0: 570 (3.54%) ; 36.0: 510 (3.16%) ; 60.0: 503 (3.12%) ; 24.0: 308 (1.91%) ; 45.0: 297 (1.84%) ; ... +77 categorias
D5,Perfil Sociodemográfico e Econômico,"E3 - Território, renda e trabalho | Artigos: Socioeconomic inequalities related to noncommunicable diseases and their limitations (Malta et al.) ; Desigualdades sociodemográficas no consumo alimentar no Brasil (Souza et al.)","M005010 - No(s) seu(s) trabalho(s), habitualmente, (s) o(a) Sr(a) trabalha(va) algum período de tempo entre as 8 horas da noite e às 5 horas da manhã",Socioeconomic inequalities related to noncommunicable diseases and their limitations (Malta et al.),Mostra a influência das desigualdades socioeconômicas no perfil de doença crônica e acesso em saúde.,Nominal,Não se aplica,Não se aplica,Não se aplica,Não se aplica,2.0,2.0: 13998 (86.83%) ; 1.0: 2124 (13.17%),Categoria: Nominal | Min: Não se aplica | Max: Não se aplica | Média: Não se aplica | Desvio padrão: Não se aplica | Moda: 2.0 | Frequência: 2.0: 13998 (86.83%) ; 1.0: 2124 (13.17%)
D6,Saúde e Comportamentos de Risco,F1 - Diagnósticos e acompanhamento clínico | Artigos: Desigualdades sociodemográficas na ocorrência de multi-morbidade no Brasil (Nunes et al.) ; Validade do diabetes autorreferido e a relação com a hemoglobina glicada na população brasileira (Malta et al.) ; Machine Learning and Data Mining Methods in Diabetes Research (Kavakiotis et al.),Q00201 - Algum médico já lhe deu o diagnóstico de hipertensão arterial (pressão alta)?,Desigualdades sociodemográficas na ocorrência de multi-morbidade no Brasil (Nunes et al.),Sustenta abordagem clínica integrada para multimorbidade e hipertensão associada ao diabetes.,Nominal,Não se aplica,Não se aplica,Não se aplica,Não se aplica,2.0,2.0: 20509 (100.00%),Categoria: Nominal | Min: Não se aplica | Max: Não se aplica | Média: Não se aplica | Desvio padrão: Não se aplica | Moda: 2.0 | Frequência: 2.0: 20509 (100.00%)
D6,Saúde e Comportamentos de Risco,F1 - Diagnósticos e acompanhamento clínico | Artigos: Desigualdades sociodemográficas na ocorrência de multi-morbidade no Brasil (Nunes et al.) ; Validade do diabetes autorreferido e a relação com a hemoglobina glicada na população brasileira (Malta et al.) ; Machine Learning and Data Mining Methods in Diabetes Research (Kavakiotis et al.),Q00202 - Essa hipertensão arterial (pressão alta) ocorreu apenas durante algum período de gravidez?,Desigualdades sociodemográficas na ocorrência de multi-morbidade no Brasil (Nunes et al.),Sustenta abordagem clínica integrada para multimorbidade e hipertensão associada ao diabetes.,Ordinal,Não se aplica,Não se aplica,Não se aplica,Não se aplica,Não se aplica,Não se aplica,Categoria: Ordinal | Min: Não se aplica | Max: Não se aplica | Média: Não se aplica | Desvio padrão: Não se aplica | Moda: Não se aplica | Frequência: Não se aplica
D6,Saúde e Comportamentos de Risco,F1 - Diagnósticos e acompanhamento clínico | Artigos: Desigualdades sociodemográficas na ocorrência de multi-morbidade no Brasil (Nunes et al.) ; Validade do diabetes autorreferido e a relação com a hemoglobina glicada na população brasileira (Malta et al.) ; Machine Learning and Data Mining Methods in Diabetes Research (Kavakiotis et al.),Q00401 - O(A) Sr(a) vai ao médico/serviço de saúde regularmente para acompanhamento da hipertensão arterial (pressão alta) ?,Desigualdades sociodemográficas na ocorrência de multi-morbidade no Brasil (Nunes et al.),Sustenta abordagem clínica integrada para multimorbidade e hipertensão associada ao diabetes.,Ordinal,Não se aplica,Não se aplica,Não se aplica,Não se aplica,Não se aplica,Não se aplica,Categoria: Ordinal | Min: Não se aplica | Max: Não se aplica | Média: Não se aplica | Desvio padrão: Não se aplica | Moda: Não se aplica | Frequência: Não se aplica
D6,Saúde e Comportamentos de Risco,F1 - Diagnósticos e acompanhamento clínico | Artigos: Desigualdades sociodemográficas na ocorrência de multi-morbidade no Brasil (Nunes et al.) ; Validade do diabetes autorreferido e a relação com a hemoglobina glicada na população brasileira (Malta et al.) ; Machine Learning and Data Mining Methods in Diabetes Research (Kavakiotis et al.),Q00503 - Algum médico já lhe receitou algum medicamento para a hipertensão arterial (pressão alta)?,Desigualdades sociodemográficas na ocorrência de multi-morbidade no Brasil (Nunes et al.),Sustenta abordagem clínica integrada para multimorbidade e hipertensão associada ao diabetes.,Ordinal,Não se aplica,Não se aplica,Não se aplica,Não se aplica,Não se aplica,Não se aplica,Categoria: Ordinal | Min: Não se aplica | Max: Não se aplica | Média: Não se aplica | Desvio padrão: Não se aplica | Moda: Não se aplica | Frequência: Não se aplica
D6,Saúde e Comportamentos de Risco,F1 - Diagnósticos e acompanhamento clínico | Artigos: Desigualdades sociodemográficas na ocorrência de multi-morbidade no Brasil (Nunes et al.) ; Validade do diabetes autorreferido e a relação com a hemoglobina glicada na população brasileira (Malta et al.) ; Machine Learning and Data Mining Methods in Diabetes Research (Kavakiotis et al.),"Q00601 - Nas duas últimas semanas, o(a) Sr(a) tomou os medicamentos para controlar a hipertensão arterial (pressão alta)?",Desigualdades sociodemográficas na ocorrência de multi-morbidade no Brasil (Nunes et al.),Sustenta abordagem clínica integrada para multimorbidade e hipertensão associada ao diabetes.,Ordinal,Não se aplica,Não se aplica,Não se aplica,Não se aplica,Não se aplica,Não se aplica,Categoria: Ordinal | Min: Não se aplica | Max: Não se aplica | Média: Não se aplica | Desvio padrão: Não se aplica | Moda: Não se aplica | Frequência: Não se aplica
D6,Saúde e Comportamentos de Risco,F1 - Diagnósticos e acompanhamento clínico | Artigos: Desigualdades sociodemográficas na ocorrência de multi-morbidade no Brasil (Nunes et al.) ; Validade do diabetes autorreferido e a relação com a hemoglobina glicada na população brasileira (Malta et al.) ; Machine Learning and Data Mining Methods in Diabetes Research (Kavakiotis et al.),Q00101 - Quando foi a última vez que o (a) Sr(a) teve sua pressão arterial medida?,Desigualdades sociodemográficas na ocorrência de multi-morbidade no Brasil (Nunes et al.),Sustenta abordagem clínica integrada para multimorbidade e hipertensão associada ao diabetes.,Ordinal,1,5,1.7708,1.1863,1.0,1.0: 12520 (61.05%) ; 2.0: 3594 (17.52%) ; 3.0: 2346 (11.44%) ; 5.0: 1375 (6.70%) ; 4.0: 674 (3.29%),Categoria: Ordinal | Min: 1 | Max: 5 | Média: 1.7708 | Desvio padrão: 1.1863 | Moda: 1.0 | Frequência: 1.0: 12520 (61.05%) ; 2.0: 3594 (17.52%) ; 3.0: 2346 (11.44%) ; 5.0: 1375 (6.70%) ; 4.0: 674 (3.29%)
D6,Saúde e Comportamentos de Risco,F1 - Diagnósticos e acompanhamento clínico | Artigos: Desigualdades sociodemográficas na ocorrência de multi-morbidade no Brasil (Nunes et al.) ; Validade do diabetes autorreferido e a relação com a hemoglobina glicada na população brasileira (Malta et al.) ; Machine Learning and Data Mining Methods in Diabetes Research (Kavakiotis et al.),"Q02901 - Quando foi a última vez que o(a) Sr(a) fez exame de sangue para medir a glicemia, isto é, o açúcar no sangue?",Machine Learning and Data Mining Methods in Diabetes Research (Kavakiotis et al.),Revisão em TI/ML que destaca variáveis clínicas e comportamentais relevantes para predição em diabetes.,Ordinal,1,5,2.3574,1.4044,1.0,1.0: 7925 (38.64%) ; 2.0: 4436 (21.63%) ; 3.0: 3880 (18.92%) ; 5.0: 2838 (13.84%) ; 4.0: 1430 (6.97%),Categoria: Ordinal | Min: 1 | Max: 5 | Média: 2.3574 | Desvio padrão: 1.4044 | Moda: 1.0 | Frequência: 1.0: 7925 (38.64%) ; 2.0: 4436 (21.63%) ; 3.0: 3880 (18.92%) ; 5.0: 2838 (13.84%) ; 4.0: 1430 (6.97%)
D6,Saúde e Comportamentos de Risco,F1 - Diagnósticos e acompanhamento clínico | Artigos: Desigualdades sociodemográficas na ocorrência de multi-morbidade no Brasil (Nunes et al.) ; Validade do diabetes autorreferido e a relação com a hemoglobina glicada na população brasileira (Malta et al.) ; Machine Learning and Data Mining Methods in Diabetes Research (Kavakiotis et al.),Q03001 - Algum médico já lhe deu o diagnóstico de diabetes?,Validade do diabetes autorreferido e a relação com a hemoglobina glicada na população brasileira (Malta et al.),Fundamenta a validade do diagnóstico autorreferido de diabetes como variável-alvo.,Nominal,Não se aplica,Não se aplica,Não se aplica,Não se aplica,2.0,2.0: 19954 (97.29%) ; 1.0: 555 (2.71%),Categoria: Nominal | Min: Não se aplica | Max: Não se aplica | Média: Não se aplica | Desvio padrão: Não se aplica | Moda: 2.0 | Frequência: 2.0: 19954 (97.29%) ; 1.0: 555 (2.71%)
D6,Saúde e Comportamentos de Risco,F1 - Diagnósticos e acompanhamento clínico | Artigos: Desigualdades sociodemográficas na ocorrência de multi-morbidade no Brasil (Nunes et al.) ; Validade do diabetes autorreferido e a relação com a hemoglobina glicada na população brasileira (Malta et al.) ; Machine Learning and Data Mining Methods in Diabetes Research (Kavakiotis et al.),Q031 - Que idade o(a) Sr(a) tinha no primeiro diagnóstico do diabetes?,Desigualdades sociodemográficas na ocorrência de multi-morbidade no Brasil (Nunes et al.),Sustenta abordagem clínica integrada para multimorbidade e hipertensão associada ao diabetes.,Ordinal,0,60,41.4502,10.9114,50.0,50.0: 30 (5.98%) ; 52.0: 26 (5.18%) ; 40.0: 26 (5.18%) ; 45.0: 21 (4.18%) ; 35.0: 21 (4.18%) ; 38.0: 20 (3.98%) ; 30.0: 20 (3.98%) ; 43.0: 19 (3.78%) ; 53.0: 18 (3.59%) ; 48.0: 16 (3.19%) ; ... +41 categorias,Categoria: Ordinal | Min: 0 | Max: 60 | Média: 41.4502 | Desvio padrão: 10.9114 | Moda: 50.0 | Frequência: 50.0: 30 (5.98%) ; 52.0: 26 (5.18%) ; 40.0: 26 (5.18%) ; 45.0: 21 (4.18%) ; 35.0: 21 (4.18%) ; 38.0: 20 (3.98%) ; 30.0: 20 (3.98%) ; 43.0: 19 (3.78%) ; 53.0: 18 (3.59%) ; 48.0: 16 (3.19%) ; ... +41 categorias
D6,Saúde e Comportamentos de Risco,F1 - Diagnósticos e acompanhamento clínico | Artigos: Desigualdades sociodemográficas na ocorrência de multi-morbidade no Brasil (Nunes et al.) ; Validade do diabetes autorreferido e a relação com a hemoglobina glicada na população brasileira (Malta et al.) ; Machine Learning and Data Mining Methods in Diabetes Research (Kavakiotis et al.),Q03201 - O(A) Sr(a) vai ao médico/serviço de saúde regularmente para acompanhamento do diabetes?,Machine Learning and Data Mining Methods in Diabetes Research (Kavakiotis et al.),Revisão em TI/ML que destaca variáveis clínicas e comportamentais relevantes para predição em diabetes.,Ordinal,1,3,1.5080,0.6619,1.0,1.0: 294 (58.57%) ; 2.0: 161 (32.07%) ; 3.0: 47 (9.36%),Categoria: Ordinal | Min: 1 | Max: 3 | Média: 1.5080 | Desvio padrão: 0.6619 | Moda: 1.0 | Frequência: 1.0: 294 (58.57%) ; 2.0: 161 (32.07%) ; 3.0: 47 (9.36%)
D6,Saúde e Comportamentos de Risco,F1 - Diagnósticos e acompanhamento clínico | Artigos: Desigualdades sociodemográficas na ocorrência de multi-morbidade no Brasil (Nunes et al.) ; Validade do diabetes autorreferido e a relação com a hemoglobina glicada na população brasileira (Malta et al.) ; Machine Learning and Data Mining Methods in Diabetes Research (Kavakiotis et al.),"I00102 - tem algum plano de saúde médico particular, de empresa ou órgão público?",Socioeconomic inequalities related to noncommunicable diseases and their limitations (Malta et al.),Mostra a influência das desigualdades socioeconômicas no perfil de doença crônica e acesso em saúde.,Nominal,Não se aplica,Não se aplica,Não se aplica,Não se aplica,2.0,2.0: 15748 (76.79%) ; 1.0: 4761 (23.21%),Categoria: Nominal | Min: Não se aplica | Max: Não se aplica | Média: Não se aplica | Desvio padrão: Não se aplica | Moda: 2.0 | Frequência: 2.0: 15748 (76.79%) ; 1.0: 4761 (23.21%)
D6,Saúde e Comportamentos de Risco,F1 - Diagnósticos e acompanhamento clínico | Artigos: Desigualdades sociodemográficas na ocorrência de multi-morbidade no Brasil (Nunes et al.) ; Validade do diabetes autorreferido e a relação com a hemoglobina glicada na população brasileira (Malta et al.) ; Machine Learning and Data Mining Methods in Diabetes Research (Kavakiotis et al.),J012 - Quantas vezes ___ consultou um médico nos últimos 12 meses,Machine Learning and Data Mining Methods in Diabetes Research (Kavakiotis et al.),Revisão em TI/ML que destaca variáveis clínicas e comportamentais relevantes para predição em diabetes.,Ordinal,1,110,2.7675,2.8532,1.0,1.0: 5438 (37.59%) ; 2.0: 3749 (25.91%) ; 3.0: 2100 (14.52%) ; 4.0: 1042 (7.20%) ; 5.0: 764 (5.28%) ; 6.0: 433 (2.99%) ; 10.0: 346 (2.39%) ; 8.0: 165 (1.14%) ; 12.0: 120 (0.83%) ; 7.0: 119 (0.82%) ; ... +16 categorias,Categoria: Ordinal | Min: 1 | Max: 110 | Média: 2.7675 | Desvio padrão: 2.8532 | Moda: 1.0 | Frequência: 1.0: 5438 (37.59%) ; 2.0: 3749 (25.91%) ; 3.0: 2100 (14.52%) ; 4.0: 1042 (7.20%) ; 5.0: 764 (5.28%) ; 6.0: 433 (2.99%) ; 10.0: 346 (2.39%) ; 8.0: 165 (1.14%) ; 12.0: 120 (0.83%) ; 7.0: 119 (0.82%) ; ... +16 categorias
D6,Saúde e Comportamentos de Risco,F2 - Saúde mental | Artigos: Depressão no Brasil: resultados da Pesquisa Nacional de Saúde (Lopes et al.),"N010 - Nas duas últimas semanas, com que frequência o(a) Sr(a) teve problemas no sono, como dificuldade para adormecer, acordar frequentemente à noite ou dormir mais do que de costume?",Depressão no Brasil: resultados da Pesquisa Nacional de Saúde (Lopes et al.),Relaciona sintomas depressivos e sono com condições crônicas de saúde.,Nominal,Não se aplica,Não se aplica,Não se aplica,Não se aplica,1.0,1.0: 15854 (77.30%) ; 2.0: 2808 (13.69%) ; 4.0: 1138 (5.55%) ; 3.0: 709 (3.46%),Categoria: Nominal | Min: Não se aplica | Max: Não se aplica | Média: Não se aplica | Desvio padrão: Não se aplica | Moda: 1.0 | Frequência: 1.0: 15854 (77.30%) ; 2.0: 2808 (13.69%) ; 4.0: 1138 (5.55%) ; 3.0: 709 (3.46%)
D6,Saúde e Comportamentos de Risco,F2 - Saúde mental | Artigos: Depressão no Brasil: resultados da Pesquisa Nacional de Saúde (Lopes et al.),"N011 - Nas duas últimas semanas, com que frequência o(a) Sr(a) teve problemas por não se sentir descansado(a) e disposto(a) durante o dia, sentindo-se cansado(a), sem ter energia?",Depressão no Brasil: resultados da Pesquisa Nacional de Saúde (Lopes et al.),Relaciona sintomas depressivos e sono com condições crônicas de saúde.,Ordinal,1,4,1.3799,0.7397,1.0,1.0: 15093 (73.59%) ; 2.0: 3859 (18.82%) ; 4.0: 819 (3.99%) ; 3.0: 738 (3.60%),Categoria: Ordinal | Min: 1 | Max: 4 | Média: 1.3799 | Desvio padrão: 0.7397 | Moda: 1.0 | Frequência: 1.0: 15093 (73.59%) ; 2.0: 3859 (18.82%) ; 4.0: 819 (3.99%) ; 3.0: 738 (3.60%)
D6,Saúde e Comportamentos de Risco,F2 - Saúde mental | Artigos: Depressão no Brasil: resultados da Pesquisa Nacional de Saúde (Lopes et al.),"N012 - Nas duas últimas semanas, com que frequência o(a) Sr(a) teve pouco interesse ou não senitiu prazer em fazer as coisas?",Depressão no Brasil: resultados da Pesquisa Nacional de Saúde (Lopes et al.),Relaciona sintomas depressivos e sono com condições crônicas de saúde.,Ordinal,1,4,1.2459,0.5876,1.0,1.0: 16714 (81.50%) ; 2.0: 2936 (14.32%) ; 3.0: 469 (2.29%) ; 4.0: 390 (1.90%),Categoria: Ordinal | Min: 1 | Max: 4 | Média: 1.2459 | Desvio padrão: 0.5876 | Moda: 1.0 | Frequência: 1.0: 16714 (81.50%) ; 2.0: 2936 (14.32%) ; 3.0: 469 (2.29%) ; 4.0: 390 (1.90%)
D6,Saúde e Comportamentos de Risco,F2 - Saúde mental | Artigos: Depressão no Brasil: resultados da Pesquisa Nacional de Saúde (Lopes et al.),"N013 - Nas duas últimas semanas, com que frequência o(a) Sr(a) teve problemas para se concentrar nas suas atividades habituais?",Depressão no Brasil: resultados da Pesquisa Nacional de Saúde (Lopes et al.),Relaciona sintomas depressivos e sono com condições crônicas de saúde.,Ordinal,1,4,1.1678,0.4964,1.0,1.0: 17916 (87.36%) ; 2.0: 1992 (9.71%) ; 3.0: 354 (1.73%) ; 4.0: 247 (1.20%),Categoria: Ordinal | Min: 1 | Max: 4 | Média: 1.1678 | Desvio padrão: 0.4964 | Moda: 1.0 | Frequência: 1.0: 17916 (87.36%) ; 2.0: 1992 (9.71%) ; 3.0: 354 (1.73%) ; 4.0: 247 (1.20%)
D6,Saúde e Comportamentos de Risco,F2 - Saúde mental | Artigos: Depressão no Brasil: resultados da Pesquisa Nacional de Saúde (Lopes et al.),"N014 - Nas duas últimas semanas, com que frequência o(a) Sr(a) teve problemas na alimentação, como ter falta de apetite ou comer muito mais do que de costume?",Depressão no Brasil: resultados da Pesquisa Nacional de Saúde (Lopes et al.),Relaciona sintomas depressivos e sono com condições crônicas de saúde.,Ordinal,1,4,1.1870,0.5610,1.0,1.0: 17933 (87.44%) ; 2.0: 1726 (8.42%) ; 3.0: 441 (2.15%) ; 4.0: 409 (1.99%),Categoria: Ordinal | Min: 1 | Max: 4 | Média: 1.1870 | Desvio padrão: 0.5610 | Moda: 1.0 | Frequência: 1.0: 17933 (87.44%) ; 2.0: 1726 (8.42%) ; 3.0: 441 (2.15%) ; 4.0: 409 (1.99%)
D6,Saúde e Comportamentos de Risco,F2 - Saúde mental | Artigos: Depressão no Brasil: resultados da Pesquisa Nacional de Saúde (Lopes et al.),"N015 - Nas duas últimas semanas, com que frequência o(a) Sr(a) teve lentidão para se movimentar ou falar, ou ao contrário ficou muito agitado(a) ou inquieto(a)?",Depressão no Brasil: resultados da Pesquisa Nacional de Saúde (Lopes et al.),Relaciona sintomas depressivos e sono com condições crônicas de saúde.,Ordinal,1,4,1.1389,0.4757,1.0,1.0: 18511 (90.26%) ; 2.0: 1390 (6.78%) ; 3.0: 365 (1.78%) ; 4.0: 243 (1.18%),Categoria: Ordinal | Min: 1 | Max: 4 | Média: 1.1389 | Desvio padrão: 0.4757 | Moda: 1.0 | Frequência: 1.0: 18511 (90.26%) ; 2.0: 1390 (6.78%) ; 3.0: 365 (1.78%) ; 4.0: 243 (1.18%)
D6,Saúde e Comportamentos de Risco,F2 - Saúde mental | Artigos: Depressão no Brasil: resultados da Pesquisa Nacional de Saúde (Lopes et al.),"N016 - Nas duas últimas semanas, com que frequência o(a) Sr(a) se sentiu deprimido(a), “pra baixo” ou sem perspectiva?",Depressão no Brasil: resultados da Pesquisa Nacional de Saúde (Lopes et al.),Relaciona sintomas depressivos e sono com condições crônicas de saúde.,Ordinal,1,4,1.2276,0.5710,1.0,1.0: 17029 (83.03%) ; 2.0: 2644 (12.89%) ; 3.0: 484 (2.36%) ; 4.0: 352 (1.72%),Categoria: Ordinal | Min: 1 | Max: 4 | Média: 1.2276 | Desvio padrão: 0.5710 | Moda: 1.0 | Frequência: 1.0: 17029 (83.03%) ; 2.0: 2644 (12.89%) ; 3.0: 484 (2.36%) ; 4.0: 352 (1.72%)
D6,Saúde e Comportamentos de Risco,F2 - Saúde mental | Artigos: Depressão no Brasil: resultados da Pesquisa Nacional de Saúde (Lopes et al.),"N017 - Nas duas últimas semanas, com que frequência o(a) Sr(a) se sentiu mal consigo mesmo, se achando um fracasso ou achando que decepcionou sua família?",Depressão no Brasil: resultados da Pesquisa Nacional de Saúde (Lopes et al.),Relaciona sintomas depressivos e sono com condições crônicas de saúde.,Ordinal,1,4,1.1313,0.4557,1.0,1.0: 18550 (90.45%) ; 2.0: 1451 (7.07%) ; 3.0: 282 (1.38%) ; 4.0: 226 (1.10%),Categoria: Ordinal | Min: 1 | Max: 4 | Média: 1.1313 | Desvio padrão: 0.4557 | Moda: 1.0 | Frequência: 1.0: 18550 (90.45%) ; 2.0: 1451 (7.07%) ; 3.0: 282 (1.38%) ; 4.0: 226 (1.10%)
D6,Saúde e Comportamentos de Risco,F3 - Tabagismo | Artigos: Machine Learning and Data Mining Methods in Diabetes Research (Kavakiotis et al.),"P050 - Atualmente, o(a) Sr(a) fuma algum produto do tabaco?",Machine Learning and Data Mining Methods in Diabetes Research (Kavakiotis et al.),Revisão em TI/ML que destaca variáveis clínicas e comportamentais relevantes para predição em diabetes.,Ordinal,1,3,2.7739,0.6238,3.0,3.0: 18067 (88.09%) ; 1.0: 2196 (10.71%) ; 2.0: 246 (1.20%),Categoria: Ordinal | Min: 1 | Max: 3 | Média: 2.7739 | Desvio padrão: 0.6238 | Moda: 3.0 | Frequência: 3.0: 18067 (88.09%) ; 1.0: 2196 (10.71%) ; 2.0: 246 (1.20%)
D6,Saúde e Comportamentos de Risco,F3 - Tabagismo | Artigos: Machine Learning and Data Mining Methods in Diabetes Research (Kavakiotis et al.),"P051 - E no passado, o(a) Sr(a) fumou algum produto do tabaco diariamente?",Machine Learning and Data Mining Methods in Diabetes Research (Kavakiotis et al.),Revisão em TI/ML que destaca variáveis clínicas e comportamentais relevantes para predição em diabetes.,Nominal,Não se aplica,Não se aplica,Não se aplica,Não se aplica,2.0,2.0: 135 (54.88%) ; 1.0: 111 (45.12%),Categoria: Nominal | Min: Não se aplica | Max: Não se aplica | Média: Não se aplica | Desvio padrão: Não se aplica | Moda: 2.0 | Frequência: 2.0: 135 (54.88%) ; 1.0: 111 (45.12%)
D6,Saúde e Comportamentos de Risco,F3 - Tabagismo | Artigos: Machine Learning and Data Mining Methods in Diabetes Research (Kavakiotis et al.),"P05401 - Em média, quanto fuma por dia ou por semana Cigarros industrializados",Machine Learning and Data Mining Methods in Diabetes Research (Kavakiotis et al.),Revisão em TI/ML que destaca variáveis clínicas e comportamentais relevantes para predição em diabetes.,Ordinal,1,5,2.0258,1.6378,1.0,1.0: 1640 (67.16%) ; 5.0: 525 (21.50%) ; 2.0: 177 (7.25%) ; 3.0: 72 (2.95%) ; 4.0: 28 (1.15%),Categoria: Ordinal | Min: 1 | Max: 5 | Média: 2.0258 | Desvio padrão: 1.6378 | Moda: 1.0 | Frequência: 1.0: 1640 (67.16%) ; 5.0: 525 (21.50%) ; 2.0: 177 (7.25%) ; 3.0: 72 (2.95%) ; 4.0: 28 (1.15%)
D6,Saúde e Comportamentos de Risco,F3 - Tabagismo | Artigos: Machine Learning and Data Mining Methods in Diabetes Research (Kavakiotis et al.),"P060 - Durante os últimos doze meses, o(a) Sr(a) tentou parar de fumar?",Machine Learning and Data Mining Methods in Diabetes Research (Kavakiotis et al.),Revisão em TI/ML que destaca variáveis clínicas e comportamentais relevantes para predição em diabetes.,Nominal,Não se aplica,Não se aplica,Não se aplica,Não se aplica,2.0,2.0: 1494 (61.18%) ; 1.0: 948 (38.82%),Categoria: Nominal | Min: Não se aplica | Max: Não se aplica | Média: Não se aplica | Desvio padrão: Não se aplica | Moda: 2.0 | Frequência: 2.0: 1494 (61.18%) ; 1.0: 948 (38.82%)
